[{"uuid": "833c4ba6-877b-4298-b163-c51af939a71c", "index": 0, "slug": "voorbeeld-adresgegevens", "configuration": {"display": "form", "components": [{"id": "eu04gza", "key": "postcode", "mask": false, "type": "postcode", "input": true, "label": "Postcode", "hidden": false, "prefix": "", "suffix": "", "unique": false, "widget": {"type": "input"}, "dbIndex": false, "overlay": {"top": "", "left": "", "style": "", "width": "", "height": ""}, "prefill": {"plugin": "", "attribute": ""}, "tooltip": "", "disabled": false, "multiple": false, "redrawOn": "", "tabindex": "", "validate": {"custom": "", "unique": false, "pattern": "", "plugins": [], "multiple": false, "required": false, "maxLength": "", "minLength": "", "customMessage": "Invalid Postcode", "customPrivate": false, "strictDateValidation": false}, "autofocus": false, "encrypted": false, "hideLabel": false, "inputMask": "9999 AA", "inputType": "text", "modalEdit": false, "protected": false, "refreshOn": "", "showInPDF": true, "tableView": true, "attributes": {}, "errorLabel": "", "persistent": true, "properties": {}, "spellcheck": true, "validateOn": "blur", "clearOnHide": true, "conditional": {"eq": "", "show": null, "when": null}, "customClass": "", "description": "", "inputFormat": "plain", "placeholder": "", "showInEmail": false, "defaultValue": null, "registration": {"attribute": ""}, "dataGridLabel": false, "labelPosition": "top", "showCharCount": false, "showInSummary": true, "showWordCount": false, "calculateValue": "", "calculateServer": false, "isSensitiveData": true, "allowMultipleMasks": false, "customDefaultValue": "", "allowCalculateOverride": false}, {"id": "eld6oig", "key": "huisnummer", "mask": false, "type": "textfield", "input": true, "label": "Huisnummer", "hidden": false, "prefix": "", "suffix": "", "unique": false, "widget": {"type": "input"}, "dbIndex": false, "overlay": {"top": "", "left": "", "style": "", "width": "", "height": ""}, "prefill": {"plugin": "", "attribute": ""}, "tooltip": "", "disabled": false, "multiple": false, "redrawOn": "", "tabindex": "", "validate": {"custom": "", "unique": false, "pattern": "", "plugins": [], "multiple": false, "required": false, "maxLength": "", "minLength": "", "customPrivate": false, "strictDateValidation": false}, "autofocus": false, "encrypted": false, "hideLabel": false, "inputMask": "", "inputType": "text", "modalEdit": false, "protected": false, "refreshOn": "", "showInPDF": true, "tableView": true, "attributes": {}, "deriveCity": false, "errorLabel": "", "persistent": true, "properties": {}, "spellcheck": true, "validateOn": "change", "clearOnHide": true, "conditional": {"eq": "", "show": null, "when": null}, "customClass": "", "description": "", "inputFormat": "plain", "placeholder": "", "showInEmail": false, "defaultValue": "", "registration": {"attribute": ""}, "dataGridLabel": false, "labelPosition": "top", "showCharCount": false, "showInSummary": true, "showWordCount": false, "calculateValue": "", "derivePostcode": "", "calculateServer": false, "isSensitiveData": false, "deriveStreetName": false, "deriveHouseNumber": "", "allowMultipleMasks": false, "customDefaultValue": "", "allowCalculateOverride": false}, {"id": "ewobyb7", "key": "straat", "mask": false, "type": "textfield", "input": true, "label": "Straat", "hidden": false, "prefix": "", "suffix": "", "unique": false, "widget": {"type": "input"}, "dbIndex": false, "overlay": {"top": "", "left": "", "style": "", "width": "", "height": ""}, "prefill": {"plugin": "", "attribute": ""}, "tooltip": "", "disabled": true, "multiple": false, "redrawOn": "", "tabindex": "", "validate": {"custom": "", "unique": false, "pattern": "", "plugins": [], "multiple": false, "required": false, "maxLength": "", "minLength": "", "customPrivate": false, "strictDateValidation": false}, "autofocus": false, "encrypted": false, "hideLabel": false, "inputMask": "", "inputType": "text", "modalEdit": false, "protected": false, "refreshOn": "", "showInPDF": true, "tableView": true, "attributes": {}, "deriveCity": false, "errorLabel": "", "persistent": true, "properties": {}, "spellcheck": true, "validateOn": "change", "clearOnHide": true, "conditional": {"eq": "", "show": null, "when": null}, "customClass": "", "description": "", "inputFormat": "plain", "placeholder": "", "showInEmail": false, "defaultValue": "", "registration": {"attribute": ""}, "dataGridLabel": false, "labelPosition": "top", "showCharCount": false, "showInSummary": true, "showWordCount": false, "calculateValue": "", "derivePostcode": "postcode", "calculateServer": false, "isSensitiveData": false, "deriveStreetName": true, "deriveHouseNumber": "huisnummer", "allowMultipleMasks": false, "customDefaultValue": "", "allowCalculateOverride": false}, {"id": "e5tjkhx", "key": "stad", "mask": false, "type": "textfield", "input": true, "label": "Stad", "hidden": false, "prefix": "", "suffix": "", "unique": false, "widget": {"type": "input"}, "dbIndex": false, "overlay": {"top": "", "left": "", "style": "", "width": "", "height": ""}, "prefill": {"plugin": "", "attribute": ""}, "tooltip": "", "disabled": true, "multiple": false, "redrawOn": "", "tabindex": "", "validate": {"custom": "", "unique": false, "pattern": "", "plugins": [], "multiple": false, "required": false, "maxLength": "", "minLength": "", "customPrivate": false, "strictDateValidation": false}, "autofocus": false, "encrypted": false, "hideLabel": false, "inputMask": "", "inputType": "text", "modalEdit": false, "protected": false, "refreshOn": "", "showInPDF": true, "tableView": true, "attributes": {}, "deriveCity": true, "errorLabel": "", "persistent": true, "properties": {}, "spellcheck": true, "validateOn": "change", "clearOnHide": true, "conditional": {"eq": "", "show": null, "when": null}, "customClass": "", "description": "", "inputFormat": "plain", "placeholder": "", "showInEmail": false, "defaultValue": "", "registration": {"attribute": ""}, "dataGridLabel": false, "labelPosition": "top", "showCharCount": false, "showInSummary": true, "showWordCount": false, "calculateValue": "", "derivePostcode": "postcode", "calculateServer": false, "isSensitiveData": false, "deriveStreetName": false, "deriveHouseNumber": "huisnummer", "allowMultipleMasks": false, "customDefaultValue": "", "allowCalculateOverride": false}]}, "form_definition": "http://localhost/api/v2/form-definitions/d4765056-f712-41b3-994f-0ada812a0c08", "name": "Adresgegevens", "internal_name": "", "url": "http://localhost/api/v2/forms/5f61f010-7ef0-4dc0-8057-a4b151e0724c/steps/833c4ba6-877b-4298-b163-c51af939a71c", "login_required": false, "is_reusable": false, "literals": {"previous_text": {"resolved": "Terug", "value": ""}, "save_text": {"resolved": "Pauzeren", "value": ""}, "next_text": {"resolved": "Volgende", "value": ""}}}]