[{"uuid": "084ad1f0-1712-4b8b-811e-ba4702e45073", "name": "Beslisboom demo", "internal_name": "", "login_required": false, "translation_enabled": false, "registration_backend": "", "registration_backend_options": {}, "authentication_backends": [], "auto_login_authentication_backend": "", "payment_required": false, "payment_backend": "", "payment_backend_options": {}, "literals": {"previous_text": {"resolved": "Vorige stap", "value": ""}, "begin_text": {"resolved": "Formulier starten", "value": ""}, "change_text": {"resolved": "Wijzigen", "value": ""}, "confirm_text": {"resolved": "Bevestigen", "value": ""}}, "product": null, "slug": "beslisboom", "url": "http://localhost/api/v2/forms/084ad1f0-1712-4b8b-811e-ba4702e45073", "category": null, "steps": [{"uuid": "9f4bd5bb-24f6-46aa-bf0a-44d4dc35dcbe", "slug": "keuzes", "form_definition": "Keuzes", "index": 0, "literals": {"previous_text": {"resolved": "Terug", "value": ""}, "save_text": {"resolved": "Pauzeren", "value": ""}, "next_text": {"resolved": "Volgende", "value": ""}}, "url": "http://localhost/api/v2/forms/084ad1f0-1712-4b8b-811e-ba4702e45073/steps/9f4bd5bb-24f6-46aa-bf0a-44d4dc35dcbe"}], "show_progress_indicator": false, "maintenance_mode": false, "active": true, "is_deleted": false, "submission_confirmation_template": "", "explanation_template": "", "submission_allowed": "no_without_overview", "submissions_removal_options": {"successful_submissions_removal_limit": null, "successful_submissions_removal_method": "", "incomplete_submissions_removal_limit": null, "incomplete_submissions_removal_method": "", "errored_submissions_removal_limit": null, "errored_submissions_removal_method": "", "all_submissions_removal_limit": null}, "confirmation_email_template": {"subject": "", "content": ""}, "confirmation_email_option": "global_email", "display_main_website_link": true, "required_fields_with_asterisk": true}]