[{"uuid": "9f4bd5bb-24f6-46aa-bf0a-44d4dc35dcbe", "index": 0, "slug": "keuzes", "configuration": {"display": "form", "components": [{"id": "eis1ljk", "key": "heeftU1OfMeerHonden", "type": "radio", "input": true, "label": "Heeft u 1 of meer honden?", "hidden": false, "prefix": "", "suffix": "", "unique": false, "values": [{"label": "Nee", "value": "0"}, {"label": "Ja, ik heb 1 hond", "value": "1"}, {"label": "Ja, ik heb meer dan 1 hond", "value": "2"}], "widget": null, "dbIndex": false, "overlay": {"top": "", "left": "", "style": "", "width": "", "height": ""}, "tooltip": "", "disabled": false, "fieldSet": false, "multiple": false, "redrawOn": "", "tabindex": "", "validate": {"custom": "", "unique": false, "plugins": [], "multiple": false, "required": false, "customPrivate": false, "onlyAvailableItems": false, "strictDateValidation": false}, "autofocus": false, "encrypted": false, "hideLabel": false, "inputType": "radio", "modalEdit": false, "protected": false, "refreshOn": "", "showInPDF": true, "tableView": false, "attributes": {}, "errorLabel": "", "persistent": true, "properties": {}, "validateOn": "change", "clearOnHide": true, "conditional": {"eq": "", "show": null, "when": null}, "customClass": "", "description": "", "placeholder": "", "showInEmail": false, "defaultValue": "", "registration": {"attribute": ""}, "dataGridLabel": false, "labelPosition": "top", "showCharCount": false, "showInSummary": true, "showWordCount": false, "calculateValue": "", "calculateServer": false, "isSensitiveData": false, "allowMultipleMasks": false, "customDefaultValue": "", "allowCalculateOverride": false}, {"id": "eriug5c", "key": "geenHonden", "html": "<p>U hoeft geen hondenbelasting te betalen.</p>", "type": "content", "input": false, "label": "geenHonden", "hidden": false, "prefix": "", "suffix": "", "unique": false, "widget": null, "dbIndex": false, "overlay": {"top": "", "left": "", "style": "", "width": "", "height": ""}, "tooltip": "", "disabled": false, "multiple": false, "redrawOn": "", "tabindex": "", "validate": {"custom": "", "unique": false, "multiple": false, "required": false, "customPrivate": false, "strictDateValidation": false}, "autofocus": false, "encrypted": false, "hideLabel": false, "modalEdit": false, "protected": false, "refreshOn": "", "showInPDF": true, "tableView": false, "attributes": {}, "errorLabel": "", "persistent": true, "properties": {}, "validateOn": "change", "clearOnHide": true, "conditional": {"eq": "0", "show": true, "when": "heeftU1OfMeerHonden"}, "customClass": "", "description": "", "placeholder": "", "showInEmail": false, "defaultValue": null, "dataGridLabel": false, "labelPosition": "top", "showCharCount": false, "showWordCount": false, "calculateValue": "", "calculateServer": false, "refreshOnChange": false, "allowMultipleMasks": false, "customDefaultValue": "", "allowCalculateOverride": false}, {"id": "equ8tc", "key": "content1", "html": "<p>U betaald voor 1 hond hondenbelasting. U kunt het formulier <a href=\"https://www.example.com\">hier </a>invullen.</p>", "tags": [], "type": "content", "input": false, "label": "1hond", "logic": [], "hidden": false, "prefix": "", "suffix": "", "unique": false, "widget": null, "dbIndex": false, "overlay": {"top": "", "left": "", "page": "", "style": "", "width": "", "height": ""}, "tooltip": "", "disabled": false, "multiple": false, "redrawOn": "", "tabindex": "", "validate": {"custom": "", "unique": false, "multiple": false, "required": false, "customPrivate": false, "strictDateValidation": false}, "autofocus": false, "encrypted": false, "hideLabel": false, "modalEdit": false, "protected": false, "refreshOn": "", "tableView": false, "attributes": {}, "errorLabel": "", "persistent": true, "properties": {}, "validateOn": "change", "clearOnHide": true, "conditional": {"eq": "1", "json": "", "show": true, "when": "heeftU1OfMeerHonden"}, "customClass": "", "description": "", "placeholder": "", "defaultValue": null, "dataGridLabel": false, "labelPosition": "top", "showCharCount": false, "showWordCount": false, "calculateValue": "", "calculateServer": false, "refreshOnChange": false, "customConditional": "", "allowMultipleMasks": false, "customDefaultValue": "", "allowCalculateOverride": false}, {"id": "eozqzp7", "key": "meerDan1", "html": "<p>Voor meer dan 1 hond, vult u <a href=\"https://www.example.com\">dit formulier</a> in.</p>", "tags": [], "type": "content", "input": false, "label": "meerDan1", "logic": [], "hidden": false, "prefix": "", "suffix": "", "unique": false, "widget": null, "dbIndex": false, "overlay": {"top": "", "left": "", "page": "", "style": "", "width": "", "height": ""}, "tooltip": "", "disabled": false, "multiple": false, "redrawOn": "", "tabindex": "", "validate": {"custom": "", "unique": false, "multiple": false, "required": false, "customPrivate": false, "strictDateValidation": false}, "autofocus": false, "encrypted": false, "hideLabel": false, "modalEdit": false, "protected": false, "refreshOn": "", "tableView": false, "attributes": {}, "errorLabel": "", "persistent": true, "properties": {}, "validateOn": "change", "clearOnHide": true, "conditional": {"eq": "2", "json": "", "show": true, "when": "heeftU1OfMeerHonden"}, "customClass": "", "description": "", "placeholder": "", "defaultValue": null, "dataGridLabel": false, "labelPosition": "top", "showCharCount": false, "showWordCount": false, "calculateValue": "", "calculateServer": false, "refreshOnChange": false, "customConditional": "", "allowMultipleMasks": false, "customDefaultValue": "", "allowCalculateOverride": false}]}, "form_definition": "http://localhost/api/v2/form-definitions/200f122e-8186-4672-934d-e8b262352fd9", "name": "Keuzes", "internal_name": "", "url": "http://localhost/api/v2/forms/084ad1f0-1712-4b8b-811e-ba4702e45073/steps/9f4bd5bb-24f6-46aa-bf0a-44d4dc35dcbe", "login_required": false, "is_reusable": false, "literals": {"previous_text": {"resolved": "Terug", "value": ""}, "save_text": {"resolved": "Pauzeren", "value": ""}, "next_text": {"resolved": "Volgende", "value": ""}}}]