[{"uuid": "41f8ad4f-a400-4761-b6bb-378e80970dc3", "index": 0, "slug": "persoonsgegevens", "configuration": {"display": "form", "components": [{"id": "eiqfu7", "key": "voornamen", "mask": false, "type": "textfield", "input": true, "label": "Voornamen", "hidden": false, "prefix": "", "suffix": "", "unique": false, "widget": {"type": "input"}, "dbIndex": false, "overlay": {"top": "", "left": "", "style": "", "width": "", "height": ""}, "prefill": {"plugin": "", "attribute": ""}, "tooltip": "", "disabled": false, "multiple": false, "redrawOn": "", "tabindex": "", "validate": {"custom": "", "unique": false, "pattern": "", "plugins": [], "multiple": false, "required": false, "maxLength": "", "minLength": "", "customPrivate": false, "strictDateValidation": false}, "autofocus": false, "encrypted": false, "hideLabel": false, "inputMask": "", "inputType": "text", "modalEdit": false, "protected": false, "refreshOn": "", "tableView": true, "attributes": {}, "deriveCity": false, "errorLabel": "", "persistent": true, "properties": {}, "spellcheck": true, "validateOn": "change", "clearOnHide": true, "conditional": {"eq": "", "show": null, "when": null}, "customClass": "", "description": "Uw eerste voornaam zoals in uw paspoort staat vermeld.", "inputFormat": "plain", "placeholder": "", "showInEmail": true, "defaultValue": null, "registration": {"attribute": ""}, "dataGridLabel": false, "labelPosition": "top", "showCharCount": false, "showWordCount": false, "calculateValue": "", "derivePostcode": "", "calculateServer": false, "deriveStreetName": false, "deriveHouseNumber": "", "allowMultipleMasks": false, "customDefaultValue": "", "allowCalculateOverride": false}, {"id": "el4nkwc", "key": "achternaam", "mask": false, "type": "textfield", "input": true, "label": "Achternaam", "hidden": false, "prefix": "", "suffix": "", "unique": false, "widget": {"type": "input"}, "dbIndex": false, "overlay": {"top": "", "left": "", "style": "", "width": "", "height": ""}, "prefill": {"plugin": "", "attribute": ""}, "tooltip": "", "disabled": false, "multiple": false, "redrawOn": "", "tabindex": "", "validate": {"custom": "", "unique": false, "pattern": "", "plugins": [], "multiple": false, "required": true, "maxLength": "", "minLength": "", "customPrivate": false, "strictDateValidation": false}, "autofocus": false, "encrypted": false, "hideLabel": false, "inputMask": "", "inputType": "text", "modalEdit": false, "protected": false, "refreshOn": "", "tableView": true, "attributes": {}, "deriveCity": false, "errorLabel": "", "persistent": true, "properties": {}, "spellcheck": true, "validateOn": "change", "clearOnHide": true, "conditional": {"eq": "", "show": null, "when": null}, "customClass": "", "description": "Uw volledige achternaam.", "inputFormat": "plain", "placeholder": "", "showInEmail": true, "defaultValue": null, "registration": {"attribute": ""}, "dataGridLabel": false, "labelPosition": "top", "showCharCount": false, "showWordCount": false, "calculateValue": "", "derivePostcode": "", "calculateServer": false, "deriveStreetName": false, "deriveHouseNumber": "", "allowMultipleMasks": false, "customDefaultValue": "", "allowCalculateOverride": false}, {"id": "esgwdye", "key": "eMail", "mask": false, "type": "email", "input": true, "label": "E-mail", "hidden": false, "prefix": "", "suffix": "", "unique": false, "widget": {"type": "input"}, "dbIndex": false, "kickbox": {"enabled": false}, "overlay": {"top": "", "left": "", "style": "", "width": "", "height": ""}, "tooltip": "", "disabled": false, "multiple": false, "redrawOn": "", "tabindex": "", "validate": {"custom": "", "unique": false, "pattern": "", "plugins": [], "multiple": false, "required": true, "maxLength": "", "minLength": "", "customPrivate": false, "strictDateValidation": false}, "autofocus": false, "encrypted": false, "hideLabel": false, "inputMask": "", "inputType": "email", "modalEdit": false, "protected": false, "refreshOn": "", "tableView": true, "attributes": {}, "errorLabel": "", "persistent": true, "properties": {}, "spellcheck": true, "validateOn": "change", "clearOnHide": true, "conditional": {"eq": "", "show": null, "when": null}, "customClass": "", "description": "Het e-mail adres waarop u de bevestiging wilt ontvangen.", "inputFormat": "plain", "placeholder": "", "showInEmail": false, "defaultValue": null, "registration": {"attribute": ""}, "dataGridLabel": false, "labelPosition": "top", "showCharCount": false, "showWordCount": false, "calculateValue": "", "calculateServer": false, "allowMultipleMasks": false, "customDefaultValue": "", "confirmationRecipient": true, "allowCalculateOverride": false}]}, "form_definition": "http://localhost/api/v1/form-definitions/ad8fd1bf-5fc9-4974-b3a5-d91dd8ecd6e1", "name": "Persoonsgegevens", "url": "http://localhost/api/v1/forms/143fa866-14c0-4a54-ad2c-bdacf85cedb4/steps/41f8ad4f-a400-4761-b6bb-378e80970dc3", "login_required": true, "is_reusable": false, "literals": {"previous_text": {"resolved": "Vorige stap", "value": ""}, "save_text": {"resolved": "Pauzeren", "value": ""}, "next_text": {"resolved": "Volgende", "value": ""}}}, {"uuid": "0ea6e501-76f4-44bf-b76a-63c7d5faa3fb", "index": 1, "slug": "vraag-klacht", "configuration": {"display": "form", "components": [{"id": "e9ijpaa", "key": "omschrijving", "mask": false, "rows": 3, "type": "textarea", "input": true, "label": "Omschrijving", "editor": "", "hidden": false, "prefix": "", "suffix": "", "unique": false, "widget": {"type": "input"}, "dbIndex": false, "overlay": {"top": "", "left": "", "style": "", "width": "", "height": ""}, "tooltip": "", "wysiwyg": false, "disabled": false, "multiple": false, "redrawOn": "", "tabindex": "", "validate": {"custom": "", "unique": false, "pattern": "", "plugins": [], "maxWords": "", "minWords": "", "multiple": false, "required": true, "maxLength": 500, "minLength": "", "customPrivate": false, "strictDateValidation": false}, "autofocus": false, "encrypted": false, "fixedSize": true, "hideLabel": false, "inputMask": "", "inputType": "text", "modalEdit": false, "protected": false, "refreshOn": "", "tableView": true, "attributes": {}, "autoExpand": false, "errorLabel": "", "persistent": true, "properties": {}, "spellcheck": true, "validateOn": "change", "clearOnHide": true, "conditional": {"eq": "", "show": null, "when": null}, "customClass": "", "description": "Omschrijf uw vraag of klacht.", "inputFormat": "html", "placeholder": "", "showInEmail": true, "defaultValue": null, "dataGridLabel": false, "labelPosition": "top", "showCharCount": true, "showWordCount": false, "calculateValue": "", "calculateServer": false, "allowMultipleMasks": false, "customDefaultValue": "", "allowCalculateOverride": false}]}, "form_definition": "http://localhost/api/v1/form-definitions/6a169c5d-1298-47dd-81c2-ac091839c789", "name": "Vraag of klacht", "url": "http://localhost/api/v1/forms/143fa866-14c0-4a54-ad2c-bdacf85cedb4/steps/0ea6e501-76f4-44bf-b76a-63c7d5faa3fb", "login_required": false, "is_reusable": false, "literals": {"previous_text": {"resolved": "Vorige stap", "value": ""}, "save_text": {"resolved": "Pauzeren", "value": ""}, "next_text": {"resolved": "Volgende", "value": ""}}}]