[{"uuid": "143fa866-14c0-4a54-ad2c-bdacf85cedb4", "name": "Vraag of klacht", "login_required": false, "registration_backend": "", "registration_backend_options": {}, "authentication_backends": ["digid-mock"], "payment_required": false, "payment_backend": "", "literals": {"previous_text": {"resolved": "Terug", "value": ""}, "begin_text": {"resolved": "Start", "value": ""}, "change_text": {"resolved": "Wijzigen", "value": ""}, "confirm_text": {"resolved": "Bevestigen", "value": ""}}, "product": null, "slug": "vraag-klacht", "url": "http://localhost/api/v1/forms/143fa866-14c0-4a54-ad2c-bdacf85cedb4", "steps": [{"uuid": "41f8ad4f-a400-4761-b6bb-378e80970dc3", "slug": "persoonsgegevens", "form_definition": "Persoonsgegevens", "index": 0, "literals": {"previous_text": {"resolved": "Vorige stap", "value": ""}, "save_text": {"resolved": "Pauzeren", "value": ""}, "next_text": {"resolved": "Volgende", "value": ""}}, "url": "http://localhost/api/v1/forms/143fa866-14c0-4a54-ad2c-bdacf85cedb4/steps/41f8ad4f-a400-4761-b6bb-378e80970dc3"}, {"uuid": "0ea6e501-76f4-44bf-b76a-63c7d5faa3fb", "slug": "vraag-klacht", "form_definition": "Vraag of klacht", "index": 1, "literals": {"previous_text": {"resolved": "Vorige stap", "value": ""}, "save_text": {"resolved": "Pauzeren", "value": ""}, "next_text": {"resolved": "Volgende", "value": ""}}, "url": "http://localhost/api/v1/forms/143fa866-14c0-4a54-ad2c-bdacf85cedb4/steps/0ea6e501-76f4-44bf-b76a-63c7d5faa3fb"}], "show_progress_indicator": true, "maintenance_mode": false, "active": true, "is_deleted": false, "submission_confirmation_template": "<div>\n<div>Bedankt&nbsp;voor&nbsp;uw&nbsp;bericht.</div>\n</div>", "can_submit": true}]