[
{
    "model": "authorizations.applicatie",
    "pk": 1,
    "fields": {
        "uuid": "c2f70b46-14cc-4c22-87ce-31b72b83dd62",
        "client_ids": "[\"test_client_id\"]",
        "label": "test application",
        "heeft_alle_autorisaties": true
    }
},
{
    "model": "vng_api_common.jwtsecret",
    "pk": 1,
    "fields": {
        "identifier": "test_client_id",
        "secret": "test_secret_key"
    }
},
{
    "model": "config.featureflags",
    "pk": 1,
    "fields": {
        "allow_unpublished_typen": true
    }
},
{
    "model": "catalogi.catalogus",
    "pk": 1,
    "fields": {
        "_etag": "d5c24c2b7426c0f0f6f01616e3f562a2",
        "naam": "Test catalog",
        "uuid": "bd58635c-793e-446d-a7e0-460d7b04829d",
        "domein": "TEST",
        "rsin": "000000000",
        "contactpersoon_beheer_naam": "Test name",
        "contactpersoon_beheer_telefoonnummer": "",
        "contactpersoon_beheer_emailadres": "",
        "versie": "",
        "begindatum_versie": null
    }
},
{
    "model": "catalogi.catalogus",
    "pk": 2,
    "fields": {
        "_etag": "c7d9351cfa9d1da17c623527f985d3ab",
        "naam": "Test catalog 2",
        "uuid": "630271f6-568a-485e-b1c4-4ed2d6ab3a58",
        "domein": "OTHER",
        "rsin": "000000000",
        "contactpersoon_beheer_naam": "Test name",
        "contactpersoon_beheer_telefoonnummer": "",
        "contactpersoon_beheer_emailadres": "",
        "versie": "",
        "begindatum_versie": null
    }
},
{
    "model": "catalogi.catalogus",
    "pk": 3,
    "fields": {
        "_etag": "39475302d8ac9ea00b9d9887eb739e28",
        "naam": "Drafts",
        "uuid": "aa0e0a50-33f6-4473-99a1-b92bab94e749",
        "domein": "DRAFT",
        "rsin": "000000000",
        "contactpersoon_beheer_naam": "OF",
        "contactpersoon_beheer_telefoonnummer": "",
        "contactpersoon_beheer_emailadres": "",
        "versie": "",
        "begindatum_versie": null
    }
},
{
    "model": "catalogi.catalogus",
    "pk": 4,
    "fields": {
        "_etag": "29fdc4899a0240f97be6cf4829954131",
        "naam": "Test partners",
        "uuid": "7575ec62-a5ed-421f-bfc7-f8837066dd10",
        "domein": "PARTN",
        "rsin": "000000000",
        "contactpersoon_beheer_naam": "For testing partners component",
        "contactpersoon_beheer_telefoonnummer": "",
        "contactpersoon_beheer_emailadres": "",
        "versie": "",
        "begindatum_versie": null
    }
},
{
    "model": "catalogi.catalogus",
    "pk": 5,
    "fields": {
        "_etag": "e5c3dd7cf6f8b0591418692eb03d25a8",
        "naam": "Test children",
        "uuid": "e035387e-6374-4eb9-b3d1-416294402bae",
        "domein": "CHILD",
        "rsin": "000000000",
        "contactpersoon_beheer_naam": "For testing children component",
        "contactpersoon_beheer_telefoonnummer": "",
        "contactpersoon_beheer_emailadres": "",
        "versie": "",
        "begindatum_versie": null
    }
},
{
    "model": "catalogi.eigenschapspecificatie",
    "pk": 1,
    "fields": {
        "groep": "",
        "formaat": "tekst",
        "lengte": "10",
        "kardinaliteit": "1",
        "waardenverzameling": "[]"
    }
},
{
    "model": "catalogi.eigenschapspecificatie",
    "pk": 2,
    "fields": {
        "groep": "",
        "formaat": "tekst",
        "lengte": "20",
        "kardinaliteit": "1",
        "waardenverzameling": "[]"
    }
},
{
    "model": "catalogi.eigenschap",
    "pk": 1,
    "fields": {
        "_etag": "757c9c0ec0e1a592c0a3a7b4965dc71f",
        "datum_begin_geldigheid": null,
        "datum_einde_geldigheid": null,
        "uuid": "b659caed-e39e-47e3-ac51-bc8bd2ad797e",
        "eigenschapnaam": "a property name",
        "definitie": "a definition",
        "specificatie_van_eigenschap": 1,
        "toelichting": "",
        "zaaktype": 1,
        "statustype": null
    }
},
{
    "model": "catalogi.eigenschap",
    "pk": 2,
    "fields": {
        "_etag": "c19033129deecf801f133a7a7e2ee8a7",
        "datum_begin_geldigheid": null,
        "datum_einde_geldigheid": null,
        "uuid": "7eada907-ffb7-4846-9494-68eb1452182c",
        "eigenschapnaam": "a property name",
        "definitie": "a definition",
        "specificatie_van_eigenschap": 1,
        "toelichting": "",
        "zaaktype": 3,
        "statustype": null
    }
},
{
    "model": "catalogi.eigenschap",
    "pk": 4,
    "fields": {
        "_etag": "588430a1d4a69b9470231c498f96ea2a",
        "datum_begin_geldigheid": null,
        "datum_einde_geldigheid": null,
        "uuid": "3a094e33-7a20-4018-bd60-3c15d06a1555",
        "eigenschapnaam": "a property name",
        "definitie": "a definition",
        "specificatie_van_eigenschap": 1,
        "toelichting": "",
        "zaaktype": 5,
        "statustype": null
    }
},
{
    "model": "catalogi.eigenschap",
    "pk": 5,
    "fields": {
        "_etag": "174c26545e6b3dd39151478452272532",
        "datum_begin_geldigheid": null,
        "datum_einde_geldigheid": null,
        "uuid": "f376c43d-97f6-423c-a25c-9264142db235",
        "eigenschapnaam": "second property",
        "definitie": "a definition",
        "specificatie_van_eigenschap": 2,
        "toelichting": "",
        "zaaktype": 5,
        "statustype": null
    }
},
{
    "model": "catalogi.informatieobjecttype",
    "pk": 1,
    "fields": {
        "_etag": "bfa6b74c27efa9845576bf1d54281820",
        "datum_begin_geldigheid": "2024-03-19",
        "datum_einde_geldigheid": "2024-07-10",
        "concept": false,
        "uuid": "7a474713-0833-402a-8441-e467c08ac55b",
        "omschrijving": "PDF Informatieobjecttype",
        "informatieobjectcategorie": "Test category",
        "trefwoord": "[]",
        "vertrouwelijkheidaanduiding": "openbaar",
        "omschrijving_generiek_informatieobjecttype": "",
        "omschrijving_generiek_definitie": "",
        "omschrijving_generiek_herkomst": "",
        "omschrijving_generiek_hierarchie": "",
        "omschrijving_generiek_opmerking": "",
        "catalogus": 1
    }
},
{
    "model": "catalogi.informatieobjecttype",
    "pk": 2,
    "fields": {
        "_etag": "89d53439caa01c2f00ab822679e80c7b",
        "datum_begin_geldigheid": "2024-03-19",
        "datum_einde_geldigheid": null,
        "concept": false,
        "uuid": "b2d83b94-9b9b-4e80-a82f-73ff993c62f3",
        "omschrijving": "CSV Informatieobjecttype",
        "informatieobjectcategorie": "Test category",
        "trefwoord": "[]",
        "vertrouwelijkheidaanduiding": "openbaar",
        "omschrijving_generiek_informatieobjecttype": "",
        "omschrijving_generiek_definitie": "",
        "omschrijving_generiek_herkomst": "",
        "omschrijving_generiek_hierarchie": "",
        "omschrijving_generiek_opmerking": "",
        "catalogus": 1
    }
},
{
    "model": "catalogi.informatieobjecttype",
    "pk": 3,
    "fields": {
        "_etag": "cf97de635cb22b89d77afc05a431d990",
        "datum_begin_geldigheid": "2024-03-19",
        "datum_einde_geldigheid": "2024-07-10",
        "concept": false,
        "uuid": "531f6c1a-97f7-478c-85f0-67d2f23661c7",
        "omschrijving": "Attachment Informatieobjecttype",
        "informatieobjectcategorie": "Test category",
        "trefwoord": "[]",
        "vertrouwelijkheidaanduiding": "openbaar",
        "omschrijving_generiek_informatieobjecttype": "",
        "omschrijving_generiek_definitie": "",
        "omschrijving_generiek_herkomst": "",
        "omschrijving_generiek_hierarchie": "",
        "omschrijving_generiek_opmerking": "",
        "catalogus": 1
    }
},
{
    "model": "catalogi.informatieobjecttype",
    "pk": 4,
    "fields": {
        "_etag": "35fb6a08e82a1195076f698c3ac1725c",
        "datum_begin_geldigheid": "2024-07-11",
        "datum_einde_geldigheid": null,
        "concept": false,
        "uuid": "29b63e5c-3835-4f68-8fad-f2aea9ae6b71",
        "omschrijving": "PDF Informatieobjecttype",
        "informatieobjectcategorie": "Test category",
        "trefwoord": "[]",
        "vertrouwelijkheidaanduiding": "openbaar",
        "omschrijving_generiek_informatieobjecttype": "",
        "omschrijving_generiek_definitie": "",
        "omschrijving_generiek_herkomst": "",
        "omschrijving_generiek_hierarchie": "",
        "omschrijving_generiek_opmerking": "",
        "catalogus": 1
    }
},
{
    "model": "catalogi.informatieobjecttype",
    "pk": 5,
    "fields": {
        "_etag": "c8e3c727b5a6eb192feeb5fdc3c12c67",
        "datum_begin_geldigheid": "2024-07-19",
        "datum_einde_geldigheid": null,
        "concept": false,
        "uuid": "d1cfb1d8-8593-4814-919d-72e38e80388f",
        "omschrijving": "CSV Informatieobjecttype other catalog",
        "informatieobjectcategorie": "Test category",
        "trefwoord": "[]",
        "vertrouwelijkheidaanduiding": "openbaar",
        "omschrijving_generiek_informatieobjecttype": "",
        "omschrijving_generiek_definitie": "",
        "omschrijving_generiek_herkomst": "",
        "omschrijving_generiek_hierarchie": "",
        "omschrijving_generiek_opmerking": "",
        "catalogus": 2
    }
},
{
    "model": "catalogi.informatieobjecttype",
    "pk": 6,
    "fields": {
        "_etag": "971b792c4044f0924ee98aa262a2cad3",
        "datum_begin_geldigheid": "2024-07-19",
        "datum_einde_geldigheid": null,
        "concept": false,
        "uuid": "f2908f6f-aa07-42ef-8760-74c5234f2d25",
        "omschrijving": "PDF Informatieobjecttype other catalog",
        "informatieobjectcategorie": "Test category",
        "trefwoord": "[]",
        "vertrouwelijkheidaanduiding": "openbaar",
        "omschrijving_generiek_informatieobjecttype": "",
        "omschrijving_generiek_definitie": "",
        "omschrijving_generiek_herkomst": "",
        "omschrijving_generiek_hierarchie": "",
        "omschrijving_generiek_opmerking": "",
        "catalogus": 2
    }
},
{
    "model": "catalogi.informatieobjecttype",
    "pk": 7,
    "fields": {
        "_etag": "34514f4c5c5d6d4d09a3ee40891a925e",
        "datum_begin_geldigheid": "2024-07-19",
        "datum_einde_geldigheid": null,
        "concept": false,
        "uuid": "cd6aeaf2-ca37-416f-b78c-1cc302f81a81",
        "omschrijving": "Attachment Informatieobjecttype other catalog",
        "informatieobjectcategorie": "Test category",
        "trefwoord": "[]",
        "vertrouwelijkheidaanduiding": "openbaar",
        "omschrijving_generiek_informatieobjecttype": "",
        "omschrijving_generiek_definitie": "",
        "omschrijving_generiek_herkomst": "",
        "omschrijving_generiek_hierarchie": "",
        "omschrijving_generiek_opmerking": "",
        "catalogus": 2
    }
},
{
    "model": "catalogi.informatieobjecttype",
    "pk": 8,
    "fields": {
        "_etag": "3835df1ae4bf5b9a3db52df04cbceee1",
        "datum_begin_geldigheid": "2024-08-09",
        "datum_einde_geldigheid": null,
        "concept": true,
        "uuid": "3628d25f-f491-4375-a752-39d16bf2dd59",
        "omschrijving": "Unpublished",
        "informatieobjectcategorie": "Tests",
        "trefwoord": "[]",
        "vertrouwelijkheidaanduiding": "openbaar",
        "omschrijving_generiek_informatieobjecttype": "",
        "omschrijving_generiek_definitie": "",
        "omschrijving_generiek_herkomst": "",
        "omschrijving_generiek_hierarchie": "",
        "omschrijving_generiek_opmerking": "",
        "catalogus": 3
    }
},
{
    "model": "catalogi.informatieobjecttype",
    "pk": 10,
    "fields": {
        "_etag": "1855b6b7524a50057d12f707f7eab63c",
        "datum_begin_geldigheid": "2024-07-10",
        "datum_einde_geldigheid": null,
        "concept": false,
        "uuid": "7755ab0f-9e37-4834-8bbf-158f9f2da38e",
        "omschrijving": "Attachment Informatieobjecttype",
        "informatieobjectcategorie": "Test category",
        "trefwoord": "[]",
        "vertrouwelijkheidaanduiding": "openbaar",
        "omschrijving_generiek_informatieobjecttype": "",
        "omschrijving_generiek_definitie": "",
        "omschrijving_generiek_herkomst": "",
        "omschrijving_generiek_hierarchie": "",
        "omschrijving_generiek_opmerking": "",
        "catalogus": 1
    }
},
{
    "model": "catalogi.informatieobjecttype",
    "pk": 11,
    "fields": {
        "_etag": "e7503a46669bd83a2f5c1e8233e80e29",
        "datum_begin_geldigheid": "2020-06-20",
        "datum_einde_geldigheid": null,
        "concept": false,
        "uuid": "d2ea38b1-5215-402f-a3f5-2977d112bf72",
        "omschrijving": "Partners PDF Informatieobjecttype",
        "informatieobjectcategorie": "Test category",
        "trefwoord": "[]",
        "vertrouwelijkheidaanduiding": "openbaar",
        "omschrijving_generiek_informatieobjecttype": "",
        "omschrijving_generiek_definitie": "",
        "omschrijving_generiek_herkomst": "",
        "omschrijving_generiek_hierarchie": "",
        "omschrijving_generiek_opmerking": "",
        "catalogus": 4
    }
},
{
    "model": "catalogi.informatieobjecttype",
    "pk": 12,
    "fields": {
        "_etag": "fd1f74a4b01d22a389a9f812aa09af10",
        "datum_begin_geldigheid": "2020-06-20",
        "datum_einde_geldigheid": null,
        "concept": false,
        "uuid": "68ce2d9c-fe0f-49cc-a1d6-ddb3d404da35",
        "omschrijving": "Children PDF Informatieobjecttype",
        "informatieobjectcategorie": "Test category",
        "trefwoord": "[]",
        "vertrouwelijkheidaanduiding": "openbaar",
        "omschrijving_generiek_informatieobjecttype": "",
        "omschrijving_generiek_definitie": "",
        "omschrijving_generiek_herkomst": "",
        "omschrijving_generiek_hierarchie": "",
        "omschrijving_generiek_opmerking": "",
        "catalogus": 5
    }
},
{
    "model": "catalogi.zaaktypeinformatieobjecttype",
    "pk": 1,
    "fields": {
        "_etag": "4eacfad4ac6bcfa26c0715ee04c70f2c",
        "uuid": "c2377104-7b5c-4986-b09a-494733bfc47a",
        "zaaktype": 1,
        "informatieobjecttype": 3,
        "volgnummer": 1,
        "richting": "inkomend",
        "statustype": null
    }
},
{
    "model": "catalogi.zaaktypeinformatieobjecttype",
    "pk": 2,
    "fields": {
        "_etag": "e0c90ec26151ff30083deafa2751c5c4",
        "uuid": "a72111e4-fc7f-4223-82e1-9427e9c75de7",
        "zaaktype": 3,
        "informatieobjecttype": 3,
        "volgnummer": 1,
        "richting": "inkomend",
        "statustype": null
    }
},
{
    "model": "catalogi.zaaktypeinformatieobjecttype",
    "pk": 4,
    "fields": {
        "_etag": "ca748511ae63aec4a6bad264b394af3f",
        "uuid": "eb78b6f6-0721-442d-b97a-074c66b5953c",
        "zaaktype": 5,
        "informatieobjecttype": 3,
        "volgnummer": 1,
        "richting": "inkomend",
        "statustype": null
    }
},
{
    "model": "catalogi.zaaktypeinformatieobjecttype",
    "pk": 5,
    "fields": {
        "_etag": "c4681e513d283f766e4b117654c3ed13",
        "uuid": "7194c151-fd08-4b7e-86ea-b3ca390f0b89",
        "zaaktype": 5,
        "informatieobjecttype": 10,
        "volgnummer": 2,
        "richting": "inkomend",
        "statustype": null
    }
},
{
    "model": "catalogi.zaaktypeinformatieobjecttype",
    "pk": 6,
    "fields": {
        "_etag": "500d1406382b39e43283df58cd316668",
        "uuid": "f40fe71e-fe32-48f2-b99f-dbb7cea5d5ab",
        "zaaktype": 8,
        "informatieobjecttype": 11,
        "volgnummer": 1,
        "richting": "intern",
        "statustype": null
    }
},
{
    "model": "catalogi.zaaktypeinformatieobjecttype",
    "pk": 7,
    "fields": {
        "_etag": "cb512e7acd8f18db8fb5db1447008e6c",
        "uuid": "5bb2cb63-904f-49c8-bdc9-bdccf5cda875",
        "zaaktype": 9,
        "informatieobjecttype": 12,
        "volgnummer": 1,
        "richting": "intern",
        "statustype": null
    }
},
{
    "model": "catalogi.resultaattype",
    "pk": 1,
    "fields": {
        "_etag": "86f9ca56aacb4b16a3ce4a8aeffe66ea",
        "datum_begin_geldigheid": null,
        "datum_einde_geldigheid": null,
        "uuid": "65b7cedd-5729-41bd-b9c7-1f51d7583340",
        "zaaktype": 1,
        "omschrijving": "Geslaagd",
        "resultaattypeomschrijving": "https://selectielijst.openzaak.nl/api/v1/resultaattypeomschrijvingen/43ac0469-e0c0-4985-a6ce-8ec285d2df47",
        "omschrijving_generiek": "Vastgesteld",
        "selectielijstklasse": "https://selectielijst.openzaak.nl/api/v1/resultaten/afa30940-855b-4a7e-aa21-9e15a8078814",
        "archiefnominatie": "vernietigen",
        "archiefactietermijn": "P10Y",
        "brondatum_archiefprocedure_afleidingswijze": "afgehandeld",
        "brondatum_archiefprocedure_datumkenmerk": "",
        "brondatum_archiefprocedure_einddatum_bekend": false,
        "brondatum_archiefprocedure_objecttype": "",
        "brondatum_archiefprocedure_registratie": "",
        "brondatum_archiefprocedure_procestermijn": "P0D",
        "toelichting": "",
        "procesobjectaard": "",
        "indicatie_specifiek": null,
        "procestermijn": null,
        "informatieobjecttypen": [],
        "besluittypen": [],
        "zaakobjecttypen": []
    }
},
{
    "model": "catalogi.resultaattype",
    "pk": 2,
    "fields": {
        "_etag": "813a83625f66f0319bc250868c537e4d",
        "datum_begin_geldigheid": null,
        "datum_einde_geldigheid": null,
        "uuid": "ec03d4e6-c010-4163-9c05-8247def5f45c",
        "zaaktype": 3,
        "omschrijving": "Geslaagd",
        "resultaattypeomschrijving": "https://selectielijst.openzaak.nl/api/v1/resultaattypeomschrijvingen/43ac0469-e0c0-4985-a6ce-8ec285d2df47",
        "omschrijving_generiek": "Vastgesteld",
        "selectielijstklasse": "https://selectielijst.openzaak.nl/api/v1/resultaten/afa30940-855b-4a7e-aa21-9e15a8078814",
        "archiefnominatie": "vernietigen",
        "archiefactietermijn": "P10Y",
        "brondatum_archiefprocedure_afleidingswijze": "afgehandeld",
        "brondatum_archiefprocedure_datumkenmerk": "",
        "brondatum_archiefprocedure_einddatum_bekend": false,
        "brondatum_archiefprocedure_objecttype": "",
        "brondatum_archiefprocedure_registratie": "",
        "brondatum_archiefprocedure_procestermijn": "P0D",
        "toelichting": "",
        "procesobjectaard": "",
        "indicatie_specifiek": null,
        "procestermijn": null,
        "informatieobjecttypen": [],
        "besluittypen": [],
        "zaakobjecttypen": []
    }
},
{
    "model": "catalogi.resultaattype",
    "pk": 4,
    "fields": {
        "_etag": "61528e205cb91999e1fff62165c9e620",
        "datum_begin_geldigheid": null,
        "datum_einde_geldigheid": null,
        "uuid": "e84e6028-c52a-420b-a098-d10897395c52",
        "zaaktype": 5,
        "omschrijving": "Geslaagd",
        "resultaattypeomschrijving": "https://selectielijst.openzaak.nl/api/v1/resultaattypeomschrijvingen/43ac0469-e0c0-4985-a6ce-8ec285d2df47",
        "omschrijving_generiek": "Vastgesteld",
        "selectielijstklasse": "https://selectielijst.openzaak.nl/api/v1/resultaten/afa30940-855b-4a7e-aa21-9e15a8078814",
        "archiefnominatie": "vernietigen",
        "archiefactietermijn": "P10Y",
        "brondatum_archiefprocedure_afleidingswijze": "afgehandeld",
        "brondatum_archiefprocedure_datumkenmerk": "",
        "brondatum_archiefprocedure_einddatum_bekend": false,
        "brondatum_archiefprocedure_objecttype": "",
        "brondatum_archiefprocedure_registratie": "",
        "brondatum_archiefprocedure_procestermijn": "P0D",
        "toelichting": "",
        "procesobjectaard": "",
        "indicatie_specifiek": null,
        "procestermijn": null,
        "informatieobjecttypen": [],
        "besluittypen": [],
        "zaakobjecttypen": []
    }
},
{
    "model": "catalogi.resultaattype",
    "pk": 5,
    "fields": {
        "_etag": "8a969419db8fe099962d12872966b597",
        "datum_begin_geldigheid": null,
        "datum_einde_geldigheid": null,
        "uuid": "5c8c7613-8ccc-4f17-836b-bd92489c77fd",
        "zaaktype": 6,
        "omschrijving": "Done",
        "resultaattypeomschrijving": "https://selectielijst.openzaak.nl/api/v1/resultaattypeomschrijvingen/43ac0469-e0c0-4985-a6ce-8ec285d2df47",
        "omschrijving_generiek": "Vastgesteld",
        "selectielijstklasse": "https://selectielijst.openzaak.nl/api/v1/resultaten/afa30940-855b-4a7e-aa21-9e15a8078814",
        "archiefnominatie": "vernietigen",
        "archiefactietermijn": "P10Y",
        "brondatum_archiefprocedure_afleidingswijze": "afgehandeld",
        "brondatum_archiefprocedure_datumkenmerk": "",
        "brondatum_archiefprocedure_einddatum_bekend": false,
        "brondatum_archiefprocedure_objecttype": "",
        "brondatum_archiefprocedure_registratie": "",
        "brondatum_archiefprocedure_procestermijn": "P0D",
        "toelichting": "",
        "procesobjectaard": "",
        "indicatie_specifiek": null,
        "procestermijn": null,
        "informatieobjecttypen": [],
        "besluittypen": [],
        "zaakobjecttypen": []
    }
},
{
    "model": "catalogi.resultaattype",
    "pk": 6,
    "fields": {
        "_etag": "4571f087efcb36b2bcfb8e1ea6b46d62",
        "datum_begin_geldigheid": null,
        "datum_einde_geldigheid": null,
        "uuid": "dddb1de8-a50a-477a-8e2e-ca0f69809033",
        "zaaktype": 7,
        "omschrijving": "Geslaagd",
        "resultaattypeomschrijving": "https://selectielijst.openzaak.nl/api/v1/resultaattypeomschrijvingen/ce8cf476-0b59-496f-8eee-957a7c6e2506",
        "omschrijving_generiek": "Afgebroken",
        "selectielijstklasse": "https://selectielijst.openzaak.nl/api/v1/resultaten/afa30940-855b-4a7e-aa21-9e15a8078814",
        "archiefnominatie": "vernietigen",
        "archiefactietermijn": "P10Y",
        "brondatum_archiefprocedure_afleidingswijze": "afgehandeld",
        "brondatum_archiefprocedure_datumkenmerk": "",
        "brondatum_archiefprocedure_einddatum_bekend": false,
        "brondatum_archiefprocedure_objecttype": "",
        "brondatum_archiefprocedure_registratie": "",
        "brondatum_archiefprocedure_procestermijn": "P0D",
        "toelichting": "",
        "procesobjectaard": "",
        "indicatie_specifiek": null,
        "procestermijn": null,
        "informatieobjecttypen": [],
        "besluittypen": [],
        "zaakobjecttypen": []
    }
},
{
    "model": "catalogi.resultaattype",
    "pk": 7,
    "fields": {
        "_etag": "1c5986cfeb2c54ed8eb4afdc98609078",
        "datum_begin_geldigheid": null,
        "datum_einde_geldigheid": null,
        "uuid": "15ecd2ed-3a51-4ec5-a3be-00d024ef0e31",
        "zaaktype": 8,
        "omschrijving": "Partner found",
        "resultaattypeomschrijving": "https://selectielijst.openzaak.nl/api/v1/resultaattypeomschrijvingen/7cb315fb-4f7b-4a43-aca1-e4522e4c73b3",
        "omschrijving_generiek": "Afgehandeld",
        "selectielijstklasse": "https://selectielijst.openzaak.nl/api/v1/resultaten/afa30940-855b-4a7e-aa21-9e15a8078814",
        "archiefnominatie": "vernietigen",
        "archiefactietermijn": "P10Y",
        "brondatum_archiefprocedure_afleidingswijze": "afgehandeld",
        "brondatum_archiefprocedure_datumkenmerk": "",
        "brondatum_archiefprocedure_einddatum_bekend": false,
        "brondatum_archiefprocedure_objecttype": "",
        "brondatum_archiefprocedure_registratie": "",
        "brondatum_archiefprocedure_procestermijn": "P0D",
        "toelichting": "",
        "procesobjectaard": "",
        "indicatie_specifiek": null,
        "procestermijn": null,
        "informatieobjecttypen": [],
        "besluittypen": [],
        "zaakobjecttypen": []
    }
},
{
    "model": "catalogi.resultaattype",
    "pk": 8,
    "fields": {
        "_etag": "8f7ccb04570503223cf7c22beb7d438f",
        "datum_begin_geldigheid": null,
        "datum_einde_geldigheid": null,
        "uuid": "1dcb5151-3140-4c26-9a9f-8b9da770562b",
        "zaaktype": 8,
        "omschrijving": "Partner not found",
        "resultaattypeomschrijving": "https://selectielijst.openzaak.nl/api/v1/resultaattypeomschrijvingen/ce8cf476-0b59-496f-8eee-957a7c6e2506",
        "omschrijving_generiek": "Afgebroken",
        "selectielijstklasse": "https://selectielijst.openzaak.nl/api/v1/resultaten/afa30940-855b-4a7e-aa21-9e15a8078814",
        "archiefnominatie": "vernietigen",
        "archiefactietermijn": "P10Y",
        "brondatum_archiefprocedure_afleidingswijze": "afgehandeld",
        "brondatum_archiefprocedure_datumkenmerk": "",
        "brondatum_archiefprocedure_einddatum_bekend": false,
        "brondatum_archiefprocedure_objecttype": "",
        "brondatum_archiefprocedure_registratie": "",
        "brondatum_archiefprocedure_procestermijn": "P0D",
        "toelichting": "",
        "procesobjectaard": "",
        "indicatie_specifiek": null,
        "procestermijn": null,
        "informatieobjecttypen": [],
        "besluittypen": [],
        "zaakobjecttypen": []
    }
},
{
    "model": "catalogi.resultaattype",
    "pk": 9,
    "fields": {
        "_etag": "21250f7731449a0a1b2629a6c5b952e1",
        "datum_begin_geldigheid": null,
        "datum_einde_geldigheid": null,
        "uuid": "5cd2d415-885b-4e89-836b-9ba62b33398e",
        "zaaktype": 9,
        "omschrijving": "Children found",
        "resultaattypeomschrijving": "https://selectielijst.openzaak.nl/api/v1/resultaattypeomschrijvingen/7cb315fb-4f7b-4a43-aca1-e4522e4c73b3",
        "omschrijving_generiek": "Afgehandeld",
        "selectielijstklasse": "https://selectielijst.openzaak.nl/api/v1/resultaten/afa30940-855b-4a7e-aa21-9e15a8078814",
        "archiefnominatie": "vernietigen",
        "archiefactietermijn": "P10Y",
        "brondatum_archiefprocedure_afleidingswijze": "afgehandeld",
        "brondatum_archiefprocedure_datumkenmerk": "",
        "brondatum_archiefprocedure_einddatum_bekend": false,
        "brondatum_archiefprocedure_objecttype": "",
        "brondatum_archiefprocedure_registratie": "",
        "brondatum_archiefprocedure_procestermijn": "P0D",
        "toelichting": "",
        "procesobjectaard": "",
        "indicatie_specifiek": null,
        "procestermijn": null,
        "informatieobjecttypen": [],
        "besluittypen": [],
        "zaakobjecttypen": []
    }
},
{
    "model": "catalogi.resultaattype",
    "pk": 10,
    "fields": {
        "_etag": "19915dc249feb5b512c47edc41d0c5ff",
        "datum_begin_geldigheid": null,
        "datum_einde_geldigheid": null,
        "uuid": "d9f2fe65-ef85-4cbd-a9b6-e1a17e0d3e5e",
        "zaaktype": 9,
        "omschrijving": "Children not found",
        "resultaattypeomschrijving": "https://selectielijst.openzaak.nl/api/v1/resultaattypeomschrijvingen/ce8cf476-0b59-496f-8eee-957a7c6e2506",
        "omschrijving_generiek": "Afgebroken",
        "selectielijstklasse": "https://selectielijst.openzaak.nl/api/v1/resultaten/afa30940-855b-4a7e-aa21-9e15a8078814",
        "archiefnominatie": "vernietigen",
        "archiefactietermijn": "P10Y",
        "brondatum_archiefprocedure_afleidingswijze": "afgehandeld",
        "brondatum_archiefprocedure_datumkenmerk": "",
        "brondatum_archiefprocedure_einddatum_bekend": false,
        "brondatum_archiefprocedure_objecttype": "",
        "brondatum_archiefprocedure_registratie": "",
        "brondatum_archiefprocedure_procestermijn": "P0D",
        "toelichting": "",
        "procesobjectaard": "",
        "indicatie_specifiek": null,
        "procestermijn": null,
        "informatieobjecttypen": [],
        "besluittypen": [],
        "zaakobjecttypen": []
    }
},
{
    "model": "catalogi.roltype",
    "pk": 1,
    "fields": {
        "_etag": "0867d7be0a8bff6fabdc3a8505b410a6",
        "datum_begin_geldigheid": null,
        "datum_einde_geldigheid": null,
        "uuid": "43e8026c-8abd-4b29-8a4c-ac2a37bc6f5b",
        "omschrijving": "Initiator",
        "omschrijving_generiek": "initiator",
        "zaaktype": 1
    }
},
{
    "model": "catalogi.roltype",
    "pk": 2,
    "fields": {
        "_etag": "34913925acf03cf8ae23c1f251968950",
        "datum_begin_geldigheid": null,
        "datum_einde_geldigheid": null,
        "uuid": "7f1887e8-bf22-47e7-ae52-ed6848d7e70e",
        "omschrijving": "Baliemedewerker",
        "omschrijving_generiek": "klantcontacter",
        "zaaktype": 1
    }
},
{
    "model": "catalogi.roltype",
    "pk": 3,
    "fields": {
        "_etag": "1b26707b077fd37850babe0054b76610",
        "datum_begin_geldigheid": null,
        "datum_einde_geldigheid": null,
        "uuid": "0333eec0-6240-4f90-adf9-8f98edcd5563",
        "omschrijving": "Initiator",
        "omschrijving_generiek": "initiator",
        "zaaktype": 3
    }
},
{
    "model": "catalogi.roltype",
    "pk": 4,
    "fields": {
        "_etag": "4ac0e202fff4948b43a02fb58ca6e03b",
        "datum_begin_geldigheid": null,
        "datum_einde_geldigheid": null,
        "uuid": "cebf7a53-297d-4308-869a-4385cfc42549",
        "omschrijving": "Baliemedewerker",
        "omschrijving_generiek": "klantcontacter",
        "zaaktype": 3
    }
},
{
    "model": "catalogi.roltype",
    "pk": 7,
    "fields": {
        "_etag": "becf13f6816136b448a03c8cc7484f80",
        "datum_begin_geldigheid": null,
        "datum_einde_geldigheid": null,
        "uuid": "bd37e337-e0fd-4e11-a6ed-45a71e1c7aa8",
        "omschrijving": "Initiator",
        "omschrijving_generiek": "initiator",
        "zaaktype": 5
    }
},
{
    "model": "catalogi.roltype",
    "pk": 8,
    "fields": {
        "_etag": "c370045099a0d44ef4459a2596739ce0",
        "datum_begin_geldigheid": null,
        "datum_einde_geldigheid": null,
        "uuid": "d44d68c2-1e06-461e-9657-adf174a922fb",
        "omschrijving": "Baliemedewerker",
        "omschrijving_generiek": "klantcontacter",
        "zaaktype": 5
    }
},
{
    "model": "catalogi.roltype",
    "pk": 9,
    "fields": {
        "_etag": "9d04e7c378c56302eb00326e6ab1d3f7",
        "datum_begin_geldigheid": null,
        "datum_einde_geldigheid": null,
        "uuid": "5cdeb40f-1e28-415b-b826-1b36dac54232",
        "omschrijving": "Draft",
        "omschrijving_generiek": "belanghebbende",
        "zaaktype": 2
    }
},
{
    "model": "catalogi.roltype",
    "pk": 10,
    "fields": {
        "_etag": "aa54e599dca5d07546697d0b179834b4",
        "datum_begin_geldigheid": null,
        "datum_einde_geldigheid": null,
        "uuid": "b79db762-5f02-43ea-b550-6de3519e7057",
        "omschrijving": "Baliemedewerker",
        "omschrijving_generiek": "klantcontacter",
        "zaaktype": 2
    }
},
{
    "model": "catalogi.roltype",
    "pk": 11,
    "fields": {
        "_etag": "4c6a59a0e427496fd8975b70486fcfc7",
        "datum_begin_geldigheid": null,
        "datum_einde_geldigheid": null,
        "uuid": "d2a3dcde-e555-4a4a-83f3-7b1505ec6c9b",
        "omschrijving": "Initiator",
        "omschrijving_generiek": "initiator",
        "zaaktype": 6
    }
},
{
    "model": "catalogi.roltype",
    "pk": 12,
    "fields": {
        "_etag": "f0130713b20054fcb8dcdb6f658449b9",
        "datum_begin_geldigheid": null,
        "datum_einde_geldigheid": null,
        "uuid": "a2700808-67e1-4db5-847e-2fb223b6c8f0",
        "omschrijving": "Baliemedewerker",
        "omschrijving_generiek": "klantcontacter",
        "zaaktype": 6
    }
},
{
    "model": "catalogi.roltype",
    "pk": 13,
    "fields": {
        "_etag": "cd5809383c4e56c095fd273b5258b475",
        "datum_begin_geldigheid": null,
        "datum_einde_geldigheid": null,
        "uuid": "51199bc6-024f-4997-8199-733fd2d478f0",
        "omschrijving": "Initiator",
        "omschrijving_generiek": "initiator",
        "zaaktype": 7
    }
},
{
    "model": "catalogi.roltype",
    "pk": 14,
    "fields": {
        "_etag": "9dfa8ad719882e96bc078be4f351aca3",
        "datum_begin_geldigheid": null,
        "datum_einde_geldigheid": null,
        "uuid": "877f0745-5292-4336-a6da-a5596c564aae",
        "omschrijving": "Baliemedewerker",
        "omschrijving_generiek": "klantcontacter",
        "zaaktype": 7
    }
},
{
    "model": "catalogi.roltype",
    "pk": 15,
    "fields": {
        "_etag": "aea0dfa73fefcf2961cbc91fb3027730",
        "datum_begin_geldigheid": null,
        "datum_einde_geldigheid": null,
        "uuid": "706464f3-cd55-425c-92ac-76be4ac8a61b",
        "omschrijving": "Partner role type",
        "omschrijving_generiek": "behandelaar",
        "zaaktype": 8
    }
},
{
    "model": "catalogi.roltype",
    "pk": 16,
    "fields": {
        "_etag": "3e120c83e399a1425c970df814892cff",
        "datum_begin_geldigheid": null,
        "datum_einde_geldigheid": null,
        "uuid": "eedd2d97-19b1-4d66-821b-307f3f44363e",
        "omschrijving": "Partner initiator role type",
        "omschrijving_generiek": "initiator",
        "zaaktype": 8
    }
},
{
    "model": "catalogi.roltype",
    "pk": 17,
    "fields": {
        "_etag": "ecc8f9c25558cba8426077c1d1222cae",
        "datum_begin_geldigheid": null,
        "datum_einde_geldigheid": null,
        "uuid": "c76d3b20-d42c-4c6e-9837-abb1005bba68",
        "omschrijving": "Children initiator role type",
        "omschrijving_generiek": "initiator",
        "zaaktype": 9
    }
},
{
    "model": "catalogi.roltype",
    "pk": 18,
    "fields": {
        "_etag": "c8835067cb19104da5232c73a1e04977",
        "datum_begin_geldigheid": null,
        "datum_einde_geldigheid": null,
        "uuid": "03e330e2-acd6-4e4d-a382-1ed9b71e8a6e",
        "omschrijving": "Children role type",
        "omschrijving_generiek": "behandelaar",
        "zaaktype": 9
    }
},
{
    "model": "catalogi.statustype",
    "pk": 1,
    "fields": {
        "_etag": "8eaf4d92bcd9c057a680e7bed90c20e9",
        "datum_begin_geldigheid": null,
        "datum_einde_geldigheid": null,
        "uuid": "6443ac1a-04a1-4335-9db2-5f3c998dbb34",
        "zaaktype": 1,
        "statustype_omschrijving": "Ontvangen",
        "statustype_omschrijving_generiek": "",
        "statustypevolgnummer": 1,
        "doorlooptijd": null,
        "informeren": false,
        "statustekst": "",
        "toelichting": null
    }
},
{
    "model": "catalogi.statustype",
    "pk": 2,
    "fields": {
        "_etag": "360e002e252b85e8d064d9c28f2984a0",
        "datum_begin_geldigheid": null,
        "datum_einde_geldigheid": null,
        "uuid": "1de05b57-a938-47e4-b808-f129c6406b60",
        "zaaktype": 1,
        "statustype_omschrijving": "Afgerond",
        "statustype_omschrijving_generiek": "",
        "statustypevolgnummer": 2,
        "doorlooptijd": null,
        "informeren": false,
        "statustekst": "",
        "toelichting": null
    }
},
{
    "model": "catalogi.statustype",
    "pk": 3,
    "fields": {
        "_etag": "4c8a85c61140519943ed0836d3d8acf4",
        "datum_begin_geldigheid": null,
        "datum_einde_geldigheid": null,
        "uuid": "d1ce96ef-325d-4e2f-a325-d7ed017f3b81",
        "zaaktype": 3,
        "statustype_omschrijving": "Afgerond",
        "statustype_omschrijving_generiek": "",
        "statustypevolgnummer": 2,
        "doorlooptijd": null,
        "informeren": false,
        "statustekst": "",
        "toelichting": null
    }
},
{
    "model": "catalogi.statustype",
    "pk": 4,
    "fields": {
        "_etag": "4d83f4c0f9f90dbd87f4b380bcbe96fe",
        "datum_begin_geldigheid": null,
        "datum_einde_geldigheid": null,
        "uuid": "658becc5-fab6-43ad-8289-2beff5c65945",
        "zaaktype": 3,
        "statustype_omschrijving": "Ontvangen",
        "statustype_omschrijving_generiek": "",
        "statustypevolgnummer": 1,
        "doorlooptijd": null,
        "informeren": false,
        "statustekst": "",
        "toelichting": null
    }
},
{
    "model": "catalogi.statustype",
    "pk": 7,
    "fields": {
        "_etag": "8a46302bb4a487f8abe164ccfbcd9052",
        "datum_begin_geldigheid": null,
        "datum_einde_geldigheid": null,
        "uuid": "018ec0c2-50d0-4225-a5bb-5ad7c48d6f2b",
        "zaaktype": 5,
        "statustype_omschrijving": "Afgerond",
        "statustype_omschrijving_generiek": "",
        "statustypevolgnummer": 2,
        "doorlooptijd": null,
        "informeren": false,
        "statustekst": "",
        "toelichting": null
    }
},
{
    "model": "catalogi.statustype",
    "pk": 8,
    "fields": {
        "_etag": "e34511d093b82feb1fde24f2da13d330",
        "datum_begin_geldigheid": null,
        "datum_einde_geldigheid": null,
        "uuid": "2937ee1d-9ea1-4048-b642-5a4dfd51fb47",
        "zaaktype": 5,
        "statustype_omschrijving": "Ontvangen",
        "statustype_omschrijving_generiek": "",
        "statustypevolgnummer": 1,
        "doorlooptijd": null,
        "informeren": false,
        "statustekst": "",
        "toelichting": null
    }
},
{
    "model": "catalogi.statustype",
    "pk": 9,
    "fields": {
        "_etag": "0e25982cec3c27f4b7936e139318c251",
        "datum_begin_geldigheid": null,
        "datum_einde_geldigheid": null,
        "uuid": "ec6587a5-0b91-427b-88a8-7aec1c10ff83",
        "zaaktype": 6,
        "statustype_omschrijving": "Opened",
        "statustype_omschrijving_generiek": "",
        "statustypevolgnummer": 10,
        "doorlooptijd": null,
        "informeren": false,
        "statustekst": "",
        "toelichting": null
    }
},
{
    "model": "catalogi.statustype",
    "pk": 10,
    "fields": {
        "_etag": "6e489710f26b99e30e07b92fea5a575b",
        "datum_begin_geldigheid": null,
        "datum_einde_geldigheid": null,
        "uuid": "16de698f-cc2f-4aa8-bb07-8ccfc71a4da3",
        "zaaktype": 6,
        "statustype_omschrijving": "Closed",
        "statustype_omschrijving_generiek": "",
        "statustypevolgnummer": 90,
        "doorlooptijd": null,
        "informeren": false,
        "statustekst": "",
        "toelichting": null
    }
},
{
    "model": "catalogi.statustype",
    "pk": 11,
    "fields": {
        "_etag": "3d70d877cb2dcbfaf0d3932dc8145c34",
        "datum_begin_geldigheid": null,
        "datum_einde_geldigheid": null,
        "uuid": "b4bfbe27-a332-4e48-adf3-b4005d5c5fb5",
        "zaaktype": 7,
        "statustype_omschrijving": "Ontvangen",
        "statustype_omschrijving_generiek": "",
        "statustypevolgnummer": 1,
        "doorlooptijd": null,
        "informeren": false,
        "statustekst": "",
        "toelichting": null
    }
},
{
    "model": "catalogi.statustype",
    "pk": 12,
    "fields": {
        "_etag": "26f40737919a7f9817d845cc4c42a9a3",
        "datum_begin_geldigheid": null,
        "datum_einde_geldigheid": null,
        "uuid": "a36f3a85-7499-4d09-b154-cdf832ebb96d",
        "zaaktype": 7,
        "statustype_omschrijving": "Afgerond",
        "statustype_omschrijving_generiek": "",
        "statustypevolgnummer": 5,
        "doorlooptijd": null,
        "informeren": false,
        "statustekst": "",
        "toelichting": null
    }
},
{
    "model": "catalogi.statustype",
    "pk": 13,
    "fields": {
        "_etag": "a2641537321b776666e5d0f6a6c423d5",
        "datum_begin_geldigheid": null,
        "datum_einde_geldigheid": null,
        "uuid": "48c43449-1ce2-4db9-a282-3ba86e37b7c3",
        "zaaktype": 8,
        "statustype_omschrijving": "Open",
        "statustype_omschrijving_generiek": "",
        "statustypevolgnummer": 1,
        "doorlooptijd": null,
        "informeren": false,
        "statustekst": "",
        "toelichting": null
    }
},
{
    "model": "catalogi.statustype",
    "pk": 14,
    "fields": {
        "_etag": "02626e5e8be0581bde8eb2a95fc4351f",
        "datum_begin_geldigheid": null,
        "datum_einde_geldigheid": null,
        "uuid": "3dd9a8f7-c18c-4c89-8b40-e344134cc1e8",
        "zaaktype": 8,
        "statustype_omschrijving": "Closed",
        "statustype_omschrijving_generiek": "",
        "statustypevolgnummer": 2,
        "doorlooptijd": null,
        "informeren": false,
        "statustekst": "",
        "toelichting": null
    }
},
{
    "model": "catalogi.statustype",
    "pk": 15,
    "fields": {
        "_etag": "7c26846570b3ae1ea2cc6cce3e85a065",
        "datum_begin_geldigheid": null,
        "datum_einde_geldigheid": null,
        "uuid": "60b6154a-a480-47db-93ab-d8ccc39d4022",
        "zaaktype": 9,
        "statustype_omschrijving": "Open",
        "statustype_omschrijving_generiek": "",
        "statustypevolgnummer": 1,
        "doorlooptijd": null,
        "informeren": false,
        "statustekst": "",
        "toelichting": null
    }
},
{
    "model": "catalogi.statustype",
    "pk": 16,
    "fields": {
        "_etag": "42de4e9e2843a35bef82cdc044a206c2",
        "datum_begin_geldigheid": null,
        "datum_einde_geldigheid": null,
        "uuid": "adcbc040-768d-494a-a619-854f8c2835e8",
        "zaaktype": 9,
        "statustype_omschrijving": "Closed",
        "statustype_omschrijving_generiek": "",
        "statustypevolgnummer": 2,
        "doorlooptijd": null,
        "informeren": false,
        "statustekst": "",
        "toelichting": null
    }
},
{
    "model": "catalogi.zaaktype",
    "pk": 1,
    "fields": {
        "_etag": "49244222344d1a50479929320e8702ca",
        "datum_begin_geldigheid": "2024-03-26",
        "datum_einde_geldigheid": "2024-10-29",
        "concept": false,
        "uuid": "1f41885e-23fc-4462-bbc8-80be4ae484dc",
        "identificatie": "ZT-001",
        "zaaktype_omschrijving": "Test",
        "zaaktype_omschrijving_generiek": "",
        "vertrouwelijkheidaanduiding": "intern",
        "doel": "testen",
        "aanleiding": "integratietests",
        "toelichting": "",
        "indicatie_intern_of_extern": "intern",
        "handeling_initiator": "Formulier indienen",
        "onderwerp": "Testformulier",
        "handeling_behandelaar": "Controleren",
        "doorlooptijd_behandeling": "P1D",
        "servicenorm_behandeling": "P0D",
        "opschorting_en_aanhouding_mogelijk": false,
        "verlenging_mogelijk": false,
        "verlengingstermijn": null,
        "trefwoorden": "[]",
        "publicatie_indicatie": false,
        "publicatietekst": "",
        "verantwoordingsrelatie": "[]",
        "versiedatum": "2024-03-26",
        "verantwoordelijke": "Ontwikkelaar",
        "producten_of_diensten": "[]",
        "selectielijst_procestype": "https://selectielijst.openzaak.nl/api/v1/procestypen/aa8aa2fd-b9c6-4e34-9a6c-58a677f60ea0",
        "selectielijst_procestype_jaar": 2020,
        "referentieproces_naam": "Testen",
        "referentieproces_link": "",
        "broncatalogus_url": "",
        "broncatalogus_domein": "",
        "broncatalogus_rsin": "",
        "bronzaaktype_url": "",
        "bronzaaktype_identificatie": "",
        "bronzaaktype_omschrijving": "",
        "catalogus": 1,
        "deelzaaktypen": []
    }
},
{
    "model": "catalogi.zaaktype",
    "pk": 2,
    "fields": {
        "_etag": "6655847c7dcad71dba48bcfc3c07a0c3",
        "datum_begin_geldigheid": "2023-01-01",
        "datum_einde_geldigheid": null,
        "concept": true,
        "uuid": "cf903a2f-0acd-4dbf-9c77-6e5e35d794e1",
        "identificatie": "DRAFT-01",
        "zaaktype_omschrijving": "Case type with drafts",
        "zaaktype_omschrijving_generiek": "",
        "vertrouwelijkheidaanduiding": "zaakvertrouwelijk",
        "doel": "Testing",
        "aanleiding": "Test",
        "toelichting": "",
        "indicatie_intern_of_extern": "extern",
        "handeling_initiator": "Testen",
        "onderwerp": "test",
        "handeling_behandelaar": "Testen",
        "doorlooptijd_behandeling": "P1D",
        "servicenorm_behandeling": "P0D",
        "opschorting_en_aanhouding_mogelijk": false,
        "verlenging_mogelijk": false,
        "verlengingstermijn": null,
        "trefwoorden": "[]",
        "publicatie_indicatie": false,
        "publicatietekst": "",
        "verantwoordingsrelatie": "[]",
        "versiedatum": "2023-01-01",
        "verantwoordelijke": "Ontwikkelaar",
        "producten_of_diensten": "[]",
        "selectielijst_procestype": "https://selectielijst.openzaak.nl/api/v1/procestypen/aa8aa2fd-b9c6-4e34-9a6c-58a677f60ea0",
        "selectielijst_procestype_jaar": 2020,
        "referentieproces_naam": "Testen",
        "referentieproces_link": "",
        "broncatalogus_url": "",
        "broncatalogus_domein": "",
        "broncatalogus_rsin": "",
        "bronzaaktype_url": "",
        "bronzaaktype_identificatie": "",
        "bronzaaktype_omschrijving": "",
        "catalogus": 3,
        "deelzaaktypen": []
    }
},
{
    "model": "catalogi.zaaktype",
    "pk": 3,
    "fields": {
        "_etag": "a05d172ffff0c5de833e8edbc531d281",
        "datum_begin_geldigheid": "2023-01-01",
        "datum_einde_geldigheid": "2024-03-26",
        "concept": false,
        "uuid": "b79d9c2f-5ec4-4e23-bb66-ec6dd959a400",
        "identificatie": "ZT-001",
        "zaaktype_omschrijving": "Test",
        "zaaktype_omschrijving_generiek": "",
        "vertrouwelijkheidaanduiding": "intern",
        "doel": "testen",
        "aanleiding": "integratietests",
        "toelichting": "",
        "indicatie_intern_of_extern": "intern",
        "handeling_initiator": "Formulier indienen",
        "onderwerp": "Testformulier",
        "handeling_behandelaar": "Controleren",
        "doorlooptijd_behandeling": "P1D",
        "servicenorm_behandeling": "P0D",
        "opschorting_en_aanhouding_mogelijk": false,
        "verlenging_mogelijk": false,
        "verlengingstermijn": null,
        "trefwoorden": "[]",
        "publicatie_indicatie": false,
        "publicatietekst": "",
        "verantwoordingsrelatie": "[]",
        "versiedatum": "2023-01-01",
        "verantwoordelijke": "Ontwikkelaar",
        "producten_of_diensten": "[]",
        "selectielijst_procestype": "https://selectielijst.openzaak.nl/api/v1/procestypen/aa8aa2fd-b9c6-4e34-9a6c-58a677f60ea0",
        "selectielijst_procestype_jaar": 2020,
        "referentieproces_naam": "Testen",
        "referentieproces_link": "",
        "broncatalogus_url": "",
        "broncatalogus_domein": "",
        "broncatalogus_rsin": "",
        "bronzaaktype_url": "",
        "bronzaaktype_identificatie": "",
        "bronzaaktype_omschrijving": "",
        "catalogus": 1,
        "deelzaaktypen": []
    }
},
{
    "model": "catalogi.zaaktype",
    "pk": 5,
    "fields": {
        "_etag": "14cb0d757ba364562edbb66412778d30",
        "datum_begin_geldigheid": "2024-10-31",
        "datum_einde_geldigheid": null,
        "concept": false,
        "uuid": "f609b6fe-449a-46dc-a0af-de55dc5f6774",
        "identificatie": "ZT-001",
        "zaaktype_omschrijving": "Test",
        "zaaktype_omschrijving_generiek": "",
        "vertrouwelijkheidaanduiding": "intern",
        "doel": "testen",
        "aanleiding": "integratietests",
        "toelichting": "",
        "indicatie_intern_of_extern": "intern",
        "handeling_initiator": "Formulier indienen",
        "onderwerp": "Testformulier",
        "handeling_behandelaar": "Controleren",
        "doorlooptijd_behandeling": "P1D",
        "servicenorm_behandeling": "P0D",
        "opschorting_en_aanhouding_mogelijk": false,
        "verlenging_mogelijk": false,
        "verlengingstermijn": null,
        "trefwoorden": "[]",
        "publicatie_indicatie": false,
        "publicatietekst": "",
        "verantwoordingsrelatie": "[]",
        "versiedatum": "2024-10-31",
        "verantwoordelijke": "Ontwikkelaar",
        "producten_of_diensten": "[\"http://localhost:81/product/1234abcd-12ab-34cd-56ef-12345abcde10\"]",
        "selectielijst_procestype": "https://selectielijst.openzaak.nl/api/v1/procestypen/aa8aa2fd-b9c6-4e34-9a6c-58a677f60ea0",
        "selectielijst_procestype_jaar": 2020,
        "referentieproces_naam": "Testen",
        "referentieproces_link": "",
        "broncatalogus_url": "",
        "broncatalogus_domein": "",
        "broncatalogus_rsin": "",
        "bronzaaktype_url": "",
        "bronzaaktype_identificatie": "",
        "bronzaaktype_omschrijving": "",
        "catalogus": 1,
        "deelzaaktypen": []
    }
},
{
    "model": "catalogi.zaaktype",
    "pk": 6,
    "fields": {
        "_etag": "40da09c62d48854f504ac9dd5a3a3222",
        "datum_begin_geldigheid": "2024-11-29",
        "datum_einde_geldigheid": null,
        "concept": false,
        "uuid": "fcc3499a-04d4-421c-b115-7e3cba2127ac",
        "identificatie": "ZT-002",
        "zaaktype_omschrijving": "Test 2",
        "zaaktype_omschrijving_generiek": "",
        "vertrouwelijkheidaanduiding": "zaakvertrouwelijk",
        "doel": "Tests",
        "aanleiding": "Tests",
        "toelichting": "",
        "indicatie_intern_of_extern": "intern",
        "handeling_initiator": "Tests",
        "onderwerp": "Tests",
        "handeling_behandelaar": "Tests",
        "doorlooptijd_behandeling": "P1M",
        "servicenorm_behandeling": "P0D",
        "opschorting_en_aanhouding_mogelijk": false,
        "verlenging_mogelijk": false,
        "verlengingstermijn": null,
        "trefwoorden": "[]",
        "publicatie_indicatie": false,
        "publicatietekst": "",
        "verantwoordingsrelatie": "[]",
        "versiedatum": "2024-11-29",
        "verantwoordelijke": "Ontwikkelaar",
        "producten_of_diensten": "[]",
        "selectielijst_procestype": "https://selectielijst.openzaak.nl/api/v1/procestypen/aa8aa2fd-b9c6-4e34-9a6c-58a677f60ea0",
        "selectielijst_procestype_jaar": 2020,
        "referentieproces_naam": "Testen",
        "referentieproces_link": "",
        "broncatalogus_url": "",
        "broncatalogus_domein": "",
        "broncatalogus_rsin": "",
        "bronzaaktype_url": "",
        "bronzaaktype_identificatie": "",
        "bronzaaktype_omschrijving": "",
        "catalogus": 1,
        "deelzaaktypen": []
    }
},
{
    "model": "catalogi.zaaktype",
    "pk": 7,
    "fields": {
        "_etag": "5ed05ed8660025b30056f24ace9af15e",
        "datum_begin_geldigheid": "2024-11-29",
        "datum_einde_geldigheid": null,
        "concept": false,
        "uuid": "cc1d39d9-05a2-45f9-8cfe-230790d36f71",
        "identificatie": "ZT-001",
        "zaaktype_omschrijving": "Duplicate identification, other catalogue",
        "zaaktype_omschrijving_generiek": "",
        "vertrouwelijkheidaanduiding": "zaakvertrouwelijk",
        "doel": "Tests",
        "aanleiding": "Tests",
        "toelichting": "",
        "indicatie_intern_of_extern": "intern",
        "handeling_initiator": "Tests",
        "onderwerp": "Tests",
        "handeling_behandelaar": "Tests",
        "doorlooptijd_behandeling": "P1M",
        "servicenorm_behandeling": "P0D",
        "opschorting_en_aanhouding_mogelijk": false,
        "verlenging_mogelijk": false,
        "verlengingstermijn": null,
        "trefwoorden": "[]",
        "publicatie_indicatie": false,
        "publicatietekst": "",
        "verantwoordingsrelatie": "[]",
        "versiedatum": "2024-11-29",
        "verantwoordelijke": "Ontwikkelaar",
        "producten_of_diensten": "[]",
        "selectielijst_procestype": "https://selectielijst.openzaak.nl/api/v1/procestypen/aa8aa2fd-b9c6-4e34-9a6c-58a677f60ea0",
        "selectielijst_procestype_jaar": 2020,
        "referentieproces_naam": "Testen",
        "referentieproces_link": "",
        "broncatalogus_url": "",
        "broncatalogus_domein": "",
        "broncatalogus_rsin": "",
        "bronzaaktype_url": "",
        "bronzaaktype_identificatie": "",
        "bronzaaktype_omschrijving": "",
        "catalogus": 2,
        "deelzaaktypen": []
    }
},
{
    "model": "catalogi.zaaktype",
    "pk": 8,
    "fields": {
        "_etag": "ff9a265f97f9936e1ad66bf2408c6064",
        "datum_begin_geldigheid": "2020-06-20",
        "datum_einde_geldigheid": null,
        "concept": false,
        "uuid": "77543c85-e5cd-4b3e-b7a5-27165e1334b1",
        "identificatie": "ZAAKTYPE-2020-0000000001",
        "zaaktype_omschrijving": "Case type for partners component",
        "zaaktype_omschrijving_generiek": "",
        "vertrouwelijkheidaanduiding": "openbaar",
        "doel": "Test",
        "aanleiding": "Test",
        "toelichting": "",
        "indicatie_intern_of_extern": "extern",
        "handeling_initiator": "Request",
        "onderwerp": "Test",
        "handeling_behandelaar": "Test",
        "doorlooptijd_behandeling": "P10Y",
        "servicenorm_behandeling": "P0D",
        "opschorting_en_aanhouding_mogelijk": false,
        "verlenging_mogelijk": false,
        "verlengingstermijn": null,
        "trefwoorden": "[]",
        "publicatie_indicatie": false,
        "publicatietekst": "",
        "verantwoordingsrelatie": "[]",
        "versiedatum": "2020-06-20",
        "verantwoordelijke": "000000000",
        "producten_of_diensten": "[]",
        "selectielijst_procestype": "https://selectielijst.openzaak.nl/api/v1/procestypen/aa8aa2fd-b9c6-4e34-9a6c-58a677f60ea0",
        "selectielijst_procestype_jaar": 2020,
        "referentieproces_naam": "Test partners process",
        "referentieproces_link": "",
        "broncatalogus_url": "",
        "broncatalogus_domein": "",
        "broncatalogus_rsin": "",
        "bronzaaktype_url": "",
        "bronzaaktype_identificatie": "",
        "bronzaaktype_omschrijving": "",
        "catalogus": 4,
        "deelzaaktypen": []
    }
},
{
    "model": "catalogi.zaaktype",
    "pk": 9,
    "fields": {
        "_etag": "831261ae7fce8e844eda8eabe537a551",
        "datum_begin_geldigheid": "2020-06-20",
        "datum_einde_geldigheid": null,
        "concept": false,
        "uuid": "a516793a-cb5f-446d-bfa3-56077c1897be",
        "identificatie": "ZAAKTYPE-2020-0000000002",
        "zaaktype_omschrijving": "Case type for children component",
        "zaaktype_omschrijving_generiek": "",
        "vertrouwelijkheidaanduiding": "openbaar",
        "doel": "Test",
        "aanleiding": "Test",
        "toelichting": "",
        "indicatie_intern_of_extern": "intern",
        "handeling_initiator": "Request",
        "onderwerp": "Test",
        "handeling_behandelaar": "Test",
        "doorlooptijd_behandeling": "P10Y",
        "servicenorm_behandeling": "P0D",
        "opschorting_en_aanhouding_mogelijk": false,
        "verlenging_mogelijk": false,
        "verlengingstermijn": null,
        "trefwoorden": "[]",
        "publicatie_indicatie": false,
        "publicatietekst": "",
        "verantwoordingsrelatie": "[]",
        "versiedatum": "2020-06-20",
        "verantwoordelijke": "000000000",
        "producten_of_diensten": "[]",
        "selectielijst_procestype": "https://selectielijst.openzaak.nl/api/v1/procestypen/aa8aa2fd-b9c6-4e34-9a6c-58a677f60ea0",
        "selectielijst_procestype_jaar": 2020,
        "referentieproces_naam": "Test children process",
        "referentieproces_link": "",
        "broncatalogus_url": "",
        "broncatalogus_domein": "",
        "broncatalogus_rsin": "",
        "bronzaaktype_url": "",
        "bronzaaktype_identificatie": "",
        "bronzaaktype_omschrijving": "",
        "catalogus": 5,
        "deelzaaktypen": []
    }
}
]
