[{"uuid": "edad1198-6ddf-4b78-93af-ef37b5aff341", "url": "http://localhost/api/v1/logic-rules/edad1198-6ddf-4b78-93af-ef37b5aff341", "form": "http://localhost/api/v1/forms/b2f5b0d3-26e9-45c9-8d4a-a17007756248", "json_logic_trigger": {"and": [{"==": [{"var": "geslacht"}, "m"]}, {">=": [{"var": "leeftijd"}, 18]}, {">=": [{"/": [{"+": [{"var": "uwInkomen"}, {"var": "partnerInkomen"}]}, 2]}, 35000]}]}, "actions": [{"component": "content1", "form_step": null, "action": {"type": "property", "property": {"value": "hidden", "type": "bool"}, "state": false}}], "is_advanced": true}]