[{"uuid": "7f321aed-f09a-4b45-8407-52044bfb0f1f", "index": 0, "slug": "demo-advanced-logic", "configuration": {"display": "form", "components": [{"id": "ers46h4", "key": "content", "html": "<h2>Logica testen</h2><p><span style=\"background-color:rgb(252,252,252);color:rgb(64,64,64);\">Als u bent mannelijk en 18 jaar of ouder bent, en het gemiddelde inkomen van u en uw partner is hoger dan EUR 35.000, dan verschijnt er een melding onderaan.</span></p>", "tags": [], "type": "content", "input": false, "label": "Content", "logic": [], "hidden": false, "prefix": "", "suffix": "", "unique": false, "widget": null, "dbIndex": false, "overlay": {"top": "", "left": "", "page": "", "style": "", "width": "", "height": ""}, "tooltip": "", "disabled": false, "multiple": false, "redrawOn": "", "tabindex": "", "validate": {"custom": "", "unique": false, "multiple": false, "required": false, "customPrivate": false, "strictDateValidation": false}, "autofocus": false, "encrypted": false, "hideLabel": false, "modalEdit": false, "protected": false, "refreshOn": "", "tableView": false, "attributes": {}, "errorLabel": "", "persistent": true, "properties": {}, "validateOn": "change", "clearOnHide": true, "conditional": {"eq": "", "json": "", "show": null, "when": null}, "customClass": "", "description": "", "placeholder": "", "defaultValue": null, "dataGridLabel": false, "labelPosition": "top", "showCharCount": false, "showWordCount": false, "calculateValue": "", "calculateServer": false, "refreshOnChange": false, "customConditional": "", "allowMultipleMasks": false, "customDefaultValue": "", "allowCalculateOverride": false}, {"id": "eav4x5e", "key": "geslacht", "data": {"url": "", "json": "", "custom": "", "values": [{"label": "Man", "value": "m"}, {"label": "Vrouw", "value": "v"}], "resource": ""}, "type": "select", "input": true, "label": "Geslacht", "limit": 100, "filter": "", "hidden": false, "idPath": "id", "prefix": "", "suffix": "", "unique": false, "widget": null, "dataSrc": "values", "dbIndex": false, "overlay": {"top": "", "left": "", "style": "", "width": "", "height": ""}, "tooltip": "", "disabled": false, "lazyLoad": true, "multiple": false, "redrawOn": "", "tabindex": "", "template": "<span>{{ item.label }}</span>", "validate": {"custom": "", "unique": false, "plugins": [], "multiple": false, "required": false, "customPrivate": false, "onlyAvailableItems": false, "strictDateValidation": false}, "autofocus": false, "encrypted": false, "hideLabel": false, "indexeddb": {"filter": {}}, "minSearch": 0, "modalEdit": false, "protected": false, "refreshOn": "", "tableView": true, "attributes": {}, "errorLabel": "", "persistent": true, "properties": {}, "validateOn": "change", "clearOnHide": true, "conditional": {"eq": "", "show": null, "when": null}, "customClass": "", "description": "", "fuseOptions": {"include": "score", "threshold": 0.3}, "ignoreCache": false, "placeholder": "", "searchField": "", "showInEmail": false, "authenticate": false, "defaultValue": "", "registration": {"attribute": ""}, "selectFields": "", "customOptions": {}, "dataGridLabel": false, "labelPosition": "top", "readOnlyValue": false, "searchEnabled": true, "showCharCount": false, "showWordCount": false, "uniqueOptions": false, "valueProperty": "", "calculateValue": "", "clearOnRefresh": false, "useExactSearch": false, "calculateServer": false, "isSensitiveData": false, "selectThreshold": 0.3, "allowMultipleMasks": false, "customDefaultValue": "", "allowCalculateOverride": false}, {"id": "e65xq3d", "key": "leeftijd", "type": "number", "input": true, "label": "Leeftijd", "hidden": false, "prefix": "", "suffix": "", "unique": false, "widget": {"type": "input"}, "dbIndex": false, "overlay": {"top": "", "left": "", "style": "", "width": "", "height": ""}, "tooltip": "", "disabled": false, "multiple": false, "redrawOn": "", "tabindex": "", "validate": {"max": "", "min": "", "step": "any", "custom": "", "unique": false, "integer": "", "plugins": [], "multiple": false, "required": false, "customPrivate": false, "strictDateValidation": false}, "autofocus": false, "encrypted": false, "hideLabel": false, "modalEdit": false, "protected": false, "refreshOn": "", "tableView": false, "attributes": {}, "errorLabel": "", "persistent": true, "properties": {}, "validateOn": "blur", "clearOnHide": true, "conditional": {"eq": "", "show": null, "when": null}, "customClass": "", "description": "", "placeholder": "", "showInEmail": false, "defaultValue": null, "registration": {"attribute": ""}, "dataGridLabel": false, "labelPosition": "top", "showCharCount": false, "showWordCount": false, "calculateValue": "", "calculateServer": false, "isSensitiveData": false, "allowMultipleMasks": false, "customDefaultValue": "", "allowCalculateOverride": false}, {"id": "e0wv0lc", "key": "uwInkomen", "type": "number", "input": true, "label": "Uw inkomen", "hidden": false, "prefix": "", "suffix": "", "unique": false, "widget": {"type": "input"}, "dbIndex": false, "overlay": {"top": "", "left": "", "style": "", "width": "", "height": ""}, "tooltip": "", "disabled": false, "multiple": false, "redrawOn": "", "tabindex": "", "validate": {"max": "", "min": "", "step": "any", "custom": "", "unique": false, "integer": "", "plugins": [], "multiple": false, "required": false, "customPrivate": false, "strictDateValidation": false}, "autofocus": false, "encrypted": false, "hideLabel": false, "modalEdit": false, "protected": false, "refreshOn": "", "tableView": false, "attributes": {}, "errorLabel": "", "persistent": true, "properties": {}, "validateOn": "blur", "clearOnHide": true, "conditional": {"eq": "", "show": null, "when": null}, "customClass": "", "description": "", "placeholder": "", "showInEmail": false, "defaultValue": null, "registration": {"attribute": ""}, "dataGridLabel": false, "labelPosition": "top", "showCharCount": false, "showWordCount": false, "calculateValue": "", "calculateServer": false, "isSensitiveData": false, "allowMultipleMasks": false, "customDefaultValue": "", "allowCalculateOverride": false}, {"id": "eel9p7j", "key": "partnerInkomen", "type": "number", "input": true, "label": "Partner inkomen", "hidden": false, "prefix": "", "suffix": "", "unique": false, "widget": {"type": "input"}, "dbIndex": false, "overlay": {"top": "", "left": "", "style": "", "width": "", "height": ""}, "tooltip": "", "disabled": false, "multiple": false, "redrawOn": "", "tabindex": "", "validate": {"max": "", "min": "", "step": "any", "custom": "", "unique": false, "integer": "", "plugins": [], "multiple": false, "required": false, "customPrivate": false, "strictDateValidation": false}, "autofocus": false, "encrypted": false, "hideLabel": false, "modalEdit": false, "protected": false, "refreshOn": "", "tableView": false, "attributes": {}, "errorLabel": "", "persistent": true, "properties": {}, "validateOn": "blur", "clearOnHide": true, "conditional": {"eq": "", "show": null, "when": null}, "customClass": "", "description": "", "placeholder": "", "showInEmail": false, "defaultValue": null, "registration": {"attribute": ""}, "dataGridLabel": false, "labelPosition": "top", "showCharCount": false, "showWordCount": false, "calculateValue": "", "calculateServer": false, "isSensitiveData": false, "allowMultipleMasks": false, "customDefaultValue": "", "allowCalculateOverride": false}, {"id": "ei91xz", "key": "content1", "html": "<p><strong>U voldoet aan de voorwaarden!</strong></p>", "tags": [], "type": "content", "input": false, "label": "Content", "logic": [], "hidden": true, "prefix": "", "suffix": "", "unique": false, "widget": null, "dbIndex": false, "overlay": {"top": "", "left": "", "page": "", "style": "", "width": "", "height": ""}, "tooltip": "", "disabled": false, "multiple": false, "redrawOn": "", "tabindex": "", "validate": {"custom": "", "unique": false, "multiple": false, "required": false, "customPrivate": false, "strictDateValidation": false}, "autofocus": false, "encrypted": false, "hideLabel": false, "modalEdit": false, "protected": false, "refreshOn": "", "tableView": false, "attributes": {}, "errorLabel": "", "persistent": true, "properties": {}, "validateOn": "change", "clearOnHide": true, "conditional": {"eq": "", "json": "", "show": null, "when": null}, "customClass": "", "description": "", "placeholder": "", "defaultValue": null, "dataGridLabel": false, "labelPosition": "top", "showCharCount": false, "showWordCount": false, "calculateValue": "", "calculateServer": false, "refreshOnChange": false, "customConditional": "", "allowMultipleMasks": false, "customDefaultValue": "", "allowCalculateOverride": false}]}, "form_definition": "http://localhost/api/v1/form-definitions/27a99dd4-69d5-4ae9-8fcd-d4be2b6ffba0", "name": "Stap 1", "internal_name": "", "url": "http://localhost/api/v1/forms/b2f5b0d3-26e9-45c9-8d4a-a17007756248/steps/7f321aed-f09a-4b45-8407-52044bfb0f1f", "login_required": false, "is_reusable": false, "literals": {"previous_text": {"resolved": "Vorige stap", "value": ""}, "save_text": {"resolved": "Pauzeren", "value": ""}, "next_text": {"resolved": "Volgende", "value": ""}}}]