[{"url": "http://localhost/api/v2/form-definitions/85f0244d-7647-4c8b-81a5-1bb9cc0fecf0", "uuid": "85f0244d-7647-4c8b-81a5-1bb9cc0fecf0", "name": "Vraag of klacht", "internal_name": "", "slug": "vraag-of-klacht-3", "configuration": {"display": "form", "components": [{"id": "ezozi7j", "key": "omschrijving", "mask": false, "rows": 3, "type": "textarea", "input": true, "label": "Omschrijving", "editor": "", "hidden": false, "prefix": "", "suffix": "", "unique": false, "widget": {"type": "input"}, "dbIndex": false, "overlay": {"top": "", "left": "", "style": "", "width": "", "height": ""}, "tooltip": "", "wysiwyg": false, "disabled": false, "multiple": false, "redrawOn": "", "tabindex": "", "validate": {"custom": "", "unique": false, "pattern": "", "plugins": [], "maxWords": "", "minWords": "", "multiple": false, "required": true, "maxLength": 500, "minLength": "", "customPrivate": false, "strictDateValidation": false}, "autofocus": false, "encrypted": false, "fixedSize": true, "hideLabel": false, "inputMask": "", "inputType": "text", "modalEdit": false, "protected": false, "refreshOn": "", "showInPDF": true, "tableView": true, "attributes": {}, "autoExpand": false, "errorLabel": "", "persistent": true, "properties": {}, "spellcheck": true, "validateOn": "change", "clearOnHide": true, "conditional": {"eq": "", "show": null, "when": null}, "customClass": "", "description": "Omschrijf uw vraag of klacht.", "inputFormat": "html", "placeholder": "", "showInEmail": true, "defaultValue": "", "dataGridLabel": false, "labelPosition": "top", "showCharCount": true, "showInSummary": true, "showWordCount": false, "calculateValue": "", "calculateServer": false, "isSensitiveData": false, "allowMultipleMasks": false, "customDefaultValue": "", "allowCalculateOverride": false}]}, "login_required": false, "is_reusable": false}, {"url": "http://localhost/api/v2/form-definitions/ad2c9676-481f-4b82-8cd5-de0824b66a00", "uuid": "ad2c9676-481f-4b82-8cd5-de0824b66a00", "name": "Persoonsgegevens", "internal_name": "", "slug": "voorbeeld-persoonsgegevens-2", "configuration": {"display": "form", "components": [{"id": "ek1e0mb", "key": "voornaam", "mask": false, "type": "textfield", "input": true, "label": "Voornaam", "hidden": false, "prefix": "", "suffix": "", "unique": false, "widget": {"type": "input"}, "dbIndex": false, "overlay": {"top": "", "left": "", "style": "", "width": "", "height": ""}, "prefill": {"plugin": "", "attribute": ""}, "tooltip": "", "disabled": false, "multiple": false, "redrawOn": "", "tabindex": "", "validate": {"custom": "", "unique": false, "pattern": "", "plugins": [], "multiple": false, "required": false, "maxLength": "", "minLength": "", "customPrivate": false, "strictDateValidation": false}, "autofocus": false, "encrypted": false, "hideLabel": false, "inputMask": "", "inputType": "text", "modalEdit": false, "protected": false, "refreshOn": "", "tableView": true, "attributes": {}, "deriveCity": false, "errorLabel": "", "persistent": true, "properties": {}, "spellcheck": true, "validateOn": "change", "clearOnHide": true, "conditional": {"eq": "", "show": null, "when": null}, "customClass": "", "description": "Uw eerste voornaam zoals in uw paspoort staat vermeld", "inputFormat": "plain", "placeholder": "", "showInEmail": true, "defaultValue": "", "registration": {"attribute": ""}, "dataGridLabel": false, "labelPosition": "top", "showCharCount": false, "showWordCount": false, "calculateValue": "", "derivePostcode": "", "calculateServer": false, "isSensitiveData": false, "deriveStreetName": false, "deriveHouseNumber": "", "allowMultipleMasks": false, "customDefaultValue": "", "allowCalculateOverride": false}, {"id": "ektyf3m", "key": "achternaam", "mask": false, "type": "textfield", "input": true, "label": "Achternaam", "hidden": false, "prefix": "", "suffix": "", "unique": false, "widget": {"type": "input"}, "dbIndex": false, "overlay": {"top": "", "left": "", "style": "", "width": "", "height": ""}, "prefill": {"plugin": "", "attribute": ""}, "tooltip": "", "disabled": false, "multiple": false, "redrawOn": "", "tabindex": "", "validate": {"custom": "", "unique": false, "pattern": "", "plugins": [], "multiple": false, "required": true, "maxLength": "", "minLength": "", "customPrivate": false, "strictDateValidation": false}, "autofocus": false, "encrypted": false, "hideLabel": false, "inputMask": "", "inputType": "text", "modalEdit": false, "protected": false, "refreshOn": "", "showInPDF": false, "tableView": true, "attributes": {}, "deriveCity": false, "errorLabel": "", "persistent": true, "properties": {}, "spellcheck": true, "validateOn": "change", "clearOnHide": true, "conditional": {"eq": "", "show": null, "when": null}, "customClass": "", "description": "Uw volledige achternaam.", "inputFormat": "plain", "placeholder": "", "showInEmail": true, "defaultValue": "", "registration": {"attribute": ""}, "dataGridLabel": false, "labelPosition": "top", "showCharCount": false, "showInSummary": false, "showWordCount": false, "calculateValue": "", "derivePostcode": "", "calculateServer": false, "isSensitiveData": false, "deriveStreetName": false, "deriveHouseNumber": "", "allowMultipleMasks": false, "customDefaultValue": "", "allowCalculateOverride": false}, {"id": "ewfjrt", "key": "email", "mask": false, "type": "email", "input": true, "label": "Email", "hidden": false, "prefix": "", "suffix": "", "unique": false, "widget": {"type": "input"}, "dbIndex": false, "kickbox": {"enabled": false}, "overlay": {"top": "", "left": "", "style": "", "width": "", "height": ""}, "tooltip": "", "disabled": false, "multiple": false, "redrawOn": "", "tabindex": "", "validate": {"custom": "", "unique": false, "pattern": "", "plugins": [], "multiple": false, "required": true, "maxLength": "", "minLength": "", "customPrivate": false, "strictDateValidation": false}, "autofocus": false, "encrypted": false, "hideLabel": false, "inputMask": "", "inputType": "email", "modalEdit": false, "protected": false, "refreshOn": "", "showInPDF": false, "tableView": true, "attributes": {}, "errorLabel": "", "persistent": true, "properties": {}, "spellcheck": true, "validateOn": "blur", "clearOnHide": true, "conditional": {"eq": "", "show": null, "when": null}, "customClass": "", "description": "Het e-mail adres waarop u de bevestiging wilt ontvangen.", "inputFormat": "plain", "placeholder": "", "showInEmail": true, "defaultValue": "", "registration": {"attribute": ""}, "dataGridLabel": false, "labelPosition": "top", "showCharCount": false, "showInSummary": false, "showWordCount": false, "calculateValue": "", "calculateServer": false, "isSensitiveData": true, "allowMultipleMasks": false, "customDefaultValue": "", "confirmationRecipient": false, "allowCalculateOverride": false}]}, "login_required": false, "is_reusable": false}]