[{"uuid": "6f0a3cca-e9ea-4dfe-8424-8e6da2ff8922", "name": "Vraag of klacht", "internal_name": "", "login_required": false, "translation_enabled": false, "registration_backend": "", "registration_backend_options": {}, "authentication_backends": ["digid-mock"], "auto_login_authentication_backend": "", "payment_required": false, "payment_backend": "", "payment_backend_options": {}, "literals": {"previous_text": {"resolved": "Vorige stap", "value": ""}, "begin_text": {"resolved": "Formulier starten", "value": ""}, "change_text": {"resolved": "Wijzigen", "value": ""}, "confirm_text": {"resolved": "Bevestigen", "value": ""}}, "product": null, "slug": "voorbeeld-vraag-of-klacht-bd39ec", "url": "http://localhost/api/v2/forms/6f0a3cca-e9ea-4dfe-8424-8e6da2ff8922", "category": null, "steps": [{"uuid": "5ecc97b0-9ada-4e87-8cfa-98ae7dd4e5b3", "slug": "voorbeeld-persoonsgegevens-2", "form_definition": "Persoonsgegevens", "index": 0, "literals": {"previous_text": {"resolved": "Terug", "value": ""}, "save_text": {"resolved": "Pauzeren", "value": ""}, "next_text": {"resolved": "Volgende", "value": ""}}, "url": "http://localhost/api/v2/forms/6f0a3cca-e9ea-4dfe-8424-8e6da2ff8922/steps/5ecc97b0-9ada-4e87-8cfa-98ae7dd4e5b3"}, {"uuid": "1f007eda-2f62-40b2-a460-def3e041cda4", "slug": "vraag-of-klacht-3", "form_definition": "Vraag of klacht", "index": 1, "literals": {"previous_text": {"resolved": "Terug", "value": ""}, "save_text": {"resolved": "Pauzeren", "value": ""}, "next_text": {"resolved": "Volgende", "value": ""}}, "url": "http://localhost/api/v2/forms/6f0a3cca-e9ea-4dfe-8424-8e6da2ff8922/steps/1f007eda-2f62-40b2-a460-def3e041cda4"}], "show_progress_indicator": true, "maintenance_mode": false, "active": true, "is_deleted": false, "submission_confirmation_template": "<p>Bedankt voor uw bericht.</p>", "explanation_template": "", "submission_allowed": "yes", "submissions_removal_options": {"successful_submissions_removal_limit": null, "successful_submissions_removal_method": "", "incomplete_submissions_removal_limit": null, "incomplete_submissions_removal_method": "", "errored_submissions_removal_limit": null, "errored_submissions_removal_method": "", "all_submissions_removal_limit": null}, "confirmation_email_template": {"subject": "", "content": ""}, "confirmation_email_option": "global_email", "display_main_website_link": true, "required_fields_with_asterisk": true}]