[{"uuid": "1936b647-4502-4f78-80fc-b7fbaaf38c67", "name": "Children flow", "internal_name": "", "internal_remarks": "", "login_required": true, "translation_enabled": false, "registration_backends": [], "auth_backends": [{"backend": "demo", "options": {}}], "auto_login_authentication_backend": "", "payment_required": false, "payment_backend": "", "payment_backend_options": {}, "price_variable_key": "", "appointment_options": {"is_appointment": false, "supports_multiple_products": null}, "literals": {"previous_text": {"resolved": "Previous page", "value": ""}, "begin_text": {"resolved": "Begin form", "value": ""}, "change_text": {"resolved": "Change", "value": ""}, "confirm_text": {"resolved": "Confirm", "value": ""}}, "product": null, "slug": "children-flow", "url": "http://testserver/api/v2/forms/1936b647-4502-4f78-80fc-b7fbaaf38c67", "category": null, "theme": null, "steps": [{"uuid": "93565206-2fd7-4107-87fc-b9223905c32c", "slug": "children-step-1", "form_definition": "children step 1", "index": 0, "literals": {"previous_text": {"resolved": "Previous page", "value": ""}, "save_text": {"resolved": "Save current information", "value": ""}, "next_text": {"resolved": "Next", "value": ""}}, "url": "http://testserver/api/v2/forms/1936b647-4502-4f78-80fc-b7fbaaf38c67/steps/93565206-2fd7-4107-87fc-b9223905c32c", "is_applicable": true}, {"uuid": "1dbf754d-efc7-4cf3-a7b8-971759723ee1", "slug": "children-step-2", "form_definition": "children step 2", "index": 1, "literals": {"previous_text": {"resolved": "Previous page", "value": ""}, "save_text": {"resolved": "Save current information", "value": ""}, "next_text": {"resolved": "Next", "value": ""}}, "url": "http://testserver/api/v2/forms/1936b647-4502-4f78-80fc-b7fbaaf38c67/steps/1dbf754d-efc7-4cf3-a7b8-971759723ee1", "is_applicable": true}], "show_progress_indicator": true, "show_summary_progress": false, "maintenance_mode": false, "active": true, "activate_on": null, "deactivate_on": null, "is_deleted": false, "submission_confirmation_template": "", "introduction_page_content": "", "explanation_template": "", "submission_allowed": "yes", "submission_limit": null, "submission_counter": 0, "submission_limit_reached": false, "suspension_allowed": true, "ask_privacy_consent": "global_setting", "ask_statement_of_truth": "global_setting", "submissions_removal_options": {"successful_submissions_removal_limit": null, "successful_submissions_removal_method": "", "incomplete_submissions_removal_limit": null, "incomplete_submissions_removal_method": "", "errored_submissions_removal_limit": null, "errored_submissions_removal_method": "", "all_submissions_removal_limit": null}, "confirmation_email_template": {"subject": "", "content": "", "cosign_subject": "", "cosign_content": "", "translations": {"nl": {"subject": "", "content": "", "cosign_subject": "", "cosign_content": ""}, "en": {"subject": "", "content": "", "cosign_subject": "", "cosign_content": ""}}}, "send_confirmation_email": true, "display_main_website_link": true, "include_confirmation_page_content_in_pdf": true, "required_fields_with_asterisk": true, "translations": {"nl": {"name": "Children flow", "submission_confirmation_template": "", "begin_text": "", "previous_text": "", "change_text": "", "confirm_text": "", "introduction_page_content": "", "explanation_template": ""}, "en": {"name": "", "submission_confirmation_template": "", "begin_text": "", "previous_text": "", "change_text": "", "confirm_text": "", "introduction_page_content": "", "explanation_template": ""}}, "resume_link_lifetime": 7, "hide_non_applicable_steps": false, "cosign_login_options": [], "cosign_has_link_in_email": true, "submission_statements_configuration": [{"key": "privacyPolicyAccepted", "label": "<p>Yes, I have read the  and explicitly agree to the processing of my submitted information.</p>", "validate": {"required": true}, "type": "checkbox"}, {"key": "statementOfTruthAccepted", "label": "<p>I declare that I have filled out the form truthfully and have not omitted any information.</p>", "validate": {"required": false}, "type": "checkbox"}], "submission_report_download_link_title": "Download PDF", "brp_personen_request_options": {"brp_personen_purpose_limitation_header_value": "", "brp_personen_processing_header_value": ""}, "new_renderer_enabled": false}]