[{"url": "http://testserver/api/v2/form-definitions/a777c8ab-3e96-48fa-b0f4-d2fb28b6009d", "uuid": "a777c8ab-3e96-48fa-b0f4-d2fb28b6009d", "name": "children step 2", "internal_name": "", "slug": "children-step-2", "configuration": {"display": "form", "components": [{"id": "e9hcg4", "key": "extraChildDetails", "tree": true, "type": "editgrid", "input": true, "label": "Extra child details", "modal": false, "hidden": false, "prefix": "", "suffix": "", "unique": false, "widget": null, "dbIndex": false, "overlay": {"top": "", "left": "", "style": "", "width": "", "height": ""}, "saveRow": "", "tooltip": "", "disabled": false, "multiple": false, "redrawOn": "", "tabindex": "", "validate": {"custom": "", "unique": false, "multiple": false, "required": false, "customPrivate": false, "strictDateValidation": false}, "autofocus": false, "encrypted": false, "hideLabel": false, "modalEdit": false, "protected": false, "refreshOn": "", "removeRow": "Cancel", "tableView": false, "templates": {"row": "<div class=\"row\">\n      {% util.eachComponent(components, function(component) { %}\n        {% if (displayValue(component)) { %}\n          <div class=\"col-sm-2\">\n            {{ isVisibleInRow(component) ? getView(component, row[component.key]) : ''}}\n          </div>\n        {% } %}\n      {% }) %}\n      {% if (!instance.options.readOnly && !instance.disabled) { %}\n        <div class=\"col-sm-2\">\n          <div class=\"btn-group pull-right\">\n            <button class=\"btn btn-default btn-light btn-sm editRow\"><i class=\"{{ iconClass('edit') }}\"></i></button>\n            {% if (!instance.hasRemoveButtons || instance.hasRemoveButtons()) { %}\n              <button class=\"btn btn-danger btn-sm removeRow\"><i class=\"{{ iconClass('trash') }}\"></i></button>\n            {% } %}\n          </div>\n        </div>\n      {% } %}\n    </div>", "footer": "", "header": "<div class=\"row\">\n      {% util.eachComponent(components, function(component) { %}\n        {% if (displayValue(component)) { %}\n          <div class=\"col-sm-2\">{{ t(component.label) }}</div>\n        {% } %}\n      {% }) %}\n    </div>"}, "addAnother": "", "attributes": {}, "components": [{"id": "esayh3u", "key": "bsn", "mask": false, "type": "bsn", "input": true, "label": "BSN", "hidden": false, "prefix": "", "suffix": "", "unique": false, "widget": {"type": "input"}, "dbIndex": false, "overlay": {"top": "", "left": "", "style": "", "width": "", "height": ""}, "prefill": {"plugin": "", "attribute": "", "identifierRole": "main"}, "tooltip": "", "disabled": true, "multiple": false, "redrawOn": "", "tabindex": "", "validate": {"custom": "", "unique": false, "pattern": "", "plugins": [], "multiple": false, "required": false, "customPrivate": false, "strictDateValidation": false}, "autofocus": false, "encrypted": false, "hideLabel": false, "inputMask": "999999999", "inputType": "text", "modalEdit": false, "protected": false, "refreshOn": "", "showInPDF": true, "tableView": true, "attributes": {}, "errorLabel": "", "persistent": true, "properties": {}, "spellcheck": true, "validateOn": "blur", "clearOnHide": true, "conditional": {"eq": "", "show": null, "when": null}, "customClass": "", "description": "", "inputFormat": "plain", "placeholder": "", "showInEmail": false, "defaultValue": "", "registration": {"attribute": ""}, "dataGridLabel": false, "labelPosition": "top", "showCharCount": false, "showInSummary": true, "showWordCount": false, "calculateValue": "", "calculateServer": false, "isSensitiveData": true, "translatedErrors": {"en": {"required": ""}, "nl": {"required": ""}}, "allowMultipleMasks": false, "customDefaultValue": "", "allowCalculateOverride": false}, {"id": "eh98n6a", "key": "childName", "mask": false, "type": "textfield", "input": true, "label": "Child name", "hidden": false, "prefix": "", "suffix": "", "unique": false, "widget": {"type": "input"}, "dbIndex": false, "overlay": {"top": "", "left": "", "style": "", "width": "", "height": ""}, "prefill": {"plugin": "", "attribute": "", "identifierRole": "main"}, "tooltip": "", "disabled": true, "multiple": false, "redrawOn": "", "tabindex": "", "validate": {"custom": "", "unique": false, "pattern": "", "plugins": [], "multiple": false, "required": false, "maxLength": 1000, "customPrivate": false, "strictDateValidation": false}, "autofocus": false, "encrypted": false, "hideLabel": false, "inputMask": "", "inputType": "text", "modalEdit": false, "protected": false, "refreshOn": "", "showInPDF": true, "tableView": true, "attributes": {}, "deriveCity": false, "errorLabel": "", "persistent": true, "properties": {}, "spellcheck": true, "validateOn": "change", "clearOnHide": true, "conditional": {"eq": "", "show": null, "when": null}, "customClass": "", "description": "", "inputFormat": "plain", "placeholder": "", "showInEmail": false, "autocomplete": "", "defaultValue": "", "registration": {"attribute": ""}, "dataGridLabel": false, "labelPosition": "top", "showCharCount": false, "showInSummary": true, "showWordCount": false, "calculateValue": "", "derivePostcode": "", "calculateServer": false, "isSensitiveData": false, "deriveStreetName": false, "translatedErrors": {"en": {"pattern": "", "required": "", "maxLength": ""}, "nl": {"pattern": "", "required": "", "maxLength": ""}}, "deriveHouseNumber": "", "allowMultipleMasks": false, "customDefaultValue": "", "allowCalculateOverride": false}, {"id": "ea4aljk", "key": "goesToSchool", "type": "radio", "input": true, "label": "Goes to school", "hidden": false, "prefix": "", "suffix": "", "unique": false, "values": [{"label": "yes", "value": "yes"}, {"label": "no", "value": "no", "openForms": {"translations": {}}}], "widget": null, "dbIndex": false, "overlay": {"top": "", "left": "", "style": "", "width": "", "height": ""}, "tooltip": "", "dataType": "string", "disabled": false, "fieldSet": false, "multiple": false, "redrawOn": "", "tabindex": "", "validate": {"custom": "", "unique": false, "plugins": [], "multiple": false, "required": false, "customPrivate": false, "onlyAvailableItems": false, "strictDateValidation": false}, "autofocus": false, "encrypted": false, "hideLabel": false, "inputType": "radio", "modalEdit": false, "openForms": {"dataSrc": "manual", "translations": {}}, "protected": false, "refreshOn": "", "showInPDF": true, "tableView": false, "attributes": {}, "errorLabel": "", "persistent": true, "properties": {}, "validateOn": "change", "clearOnHide": true, "conditional": {"eq": "", "show": null, "when": null}, "customClass": "", "description": "", "placeholder": "", "showInEmail": false, "defaultValue": "", "registration": {"attribute": ""}, "dataGridLabel": false, "labelPosition": "top", "showCharCount": false, "showInSummary": true, "showWordCount": false, "calculateValue": "", "calculateServer": false, "isSensitiveData": false, "translatedErrors": {"en": {"required": ""}, "nl": {"required": ""}}, "allowMultipleMasks": false, "customDefaultValue": "", "allowCalculateOverride": false}], "errorLabel": "", "groupLabel": "Item", "inlineEdit": false, "persistent": true, "properties": {}, "validateOn": "change", "clearOnHide": true, "conditional": {"eq": "", "show": null, "when": null}, "customClass": "", "defaultOpen": false, "description": "", "placeholder": "", "defaultValue": null, "dataGridLabel": false, "labelPosition": "top", "openWhenEmpty": false, "showCharCount": false, "showWordCount": false, "calculateValue": "", "calculateServer": false, "isSensitiveData": false, "allowMultipleMasks": false, "customDefaultValue": "", "allowCalculateOverride": false, "disableAddingRemovingRows": false}]}, "login_required": false, "is_reusable": false, "translations": {"nl": {"name": "children step 2"}, "en": {"name": ""}}}, {"url": "http://testserver/api/v2/form-definitions/e45240e3-ed81-454e-a204-e202bd51b884", "uuid": "e45240e3-ed81-454e-a204-e202bd51b884", "name": "children step 1", "internal_name": "", "slug": "children-step-1", "configuration": {"display": "form", "components": [{"id": "ezl2bah", "key": "children", "type": "children", "input": true, "label": "Children", "hidden": false, "prefix": "", "suffix": "", "unique": false, "widget": null, "dbIndex": false, "overlay": {"top": "", "left": "", "style": "", "width": "", "height": ""}, "tooltip": "", "disabled": false, "multiple": false, "redrawOn": "", "tabindex": "", "validate": {"custom": "", "unique": false, "multiple": false, "required": false, "customPrivate": false, "strictDateValidation": false}, "autofocus": false, "encrypted": false, "hideLabel": false, "modalEdit": false, "protected": false, "refreshOn": "", "tableView": false, "attributes": {}, "errorLabel": "", "persistent": true, "properties": {}, "validateOn": "change", "clearOnHide": true, "conditional": {"eq": "", "show": null, "when": null}, "customClass": "", "description": "", "placeholder": "", "defaultValue": [], "dataGridLabel": false, "labelPosition": "top", "showCharCount": false, "showWordCount": false, "calculateValue": "", "calculateServer": false, "enableSelection": true, "isSensitiveData": true, "allowMultipleMasks": false, "customDefaultValue": "", "allowCalculateOverride": false}]}, "login_required": true, "is_reusable": false, "translations": {"nl": {"name": "children step 1"}, "en": {"name": ""}}}]