[{"form": "http://testserver/api/v2/forms/1936b647-4502-4f78-80fc-b7fbaaf38c67", "form_definition": null, "name": "children immutable", "key": "childrenImmutable", "source": "user_defined", "service_fetch_configuration": null, "prefill_plugin": "family_members", "prefill_attribute": "", "prefill_identifier_role": "main", "prefill_options": {"type": "children", "max_age": null, "min_age": null, "include_deceased": true, "mutable_data_form_variable": "children"}, "data_type": "string", "data_format": "", "is_sensitive_data": false, "initial_value": ""}]