[{"uuid": "e5ab27b4-4625-4be7-8672-bd87aa5dc461", "url": "http://testserver/api/v2/forms/e5ab27b4-4625-4be7-8672-bd87aa5dc461/logic-rules", "form": "http://testserver/api/v2/forms/1936b647-4502-4f78-80fc-b7fbaaf38c67", "json_logic_trigger": true, "description": "", "order": 0, "trigger_from_step": null, "actions": [{"uuid": "68dff5bb-dcff-42c4-bcb3-b17c23b3c072", "component": "", "form_step_uuid": null, "action": {"type": "synchronize-variables", "config": {"identifier_variable": "bsn", "source_variable": "children", "source_component_type": "children", "destination_variable": "extraChildDetails", "data_mappings": [{"property": "bsn", "component_key": "bsn"}, {"property": "firstNames", "component_key": "childName"}]}}}], "is_advanced": true}]