[{"uuid": "897588cb-2036-4944-9119-80a0f0d8fab4", "url": "http://testserver/api/v1/logic-rules/897588cb-2036-4944-9119-80a0f0d8fab4", "form": "http://testserver/api/v1/forms/bf8b6eb1-3bb3-4f71-8ad6-5e59b25dc691", "json_logic_trigger": {">": [{"date": {"var": "geboorteDatum"}}, {"-": [{"today": []}, {"rdelta": [18, 0, 0]}]}]}, "actions": [{"component": "", "form_step": null, "action": {"type": "disable-next"}}, {"component": "warning", "form_step": null, "action": {"type": "property", "property": {"value": "hidden", "type": "bool"}, "state": false}}], "is_advanced": false}]