[{"uuid": "4512f1be-448c-4ac1-b812-bbe276bd1f7a", "name": "Rijbewijs aanvraag demo", "login_required": false, "registration_backend": "", "registration_backend_options": {}, "authentication_backends": [], "payment_required": false, "payment_backend": "", "payment_backend_options": {}, "literals": {"previous_text": {"resolved": "Terug", "value": ""}, "begin_text": {"resolved": "Start", "value": ""}, "change_text": {"resolved": "Wijzigen", "value": ""}, "confirm_text": {"resolved": "Bevestigen", "value": ""}}, "product": null, "slug": "rijbewijs-aanvraag-demo", "url": "http://localhost/api/v1/forms/4512f1be-448c-4ac1-b812-bbe276bd1f7a", "steps": [{"uuid": "a831426b-8e0d-4701-a08e-a5e8d86a563f", "slug": "persoonlijke-gegevens-1", "form_definition": "Persoonlijke gegevens", "index": 0, "literals": {"previous_text": {"resolved": "Vorige stap", "value": ""}, "save_text": {"resolved": "Pauzeren", "value": ""}, "next_text": {"resolved": "Volgende", "value": ""}}, "url": "http://localhost/api/v1/forms/4512f1be-448c-4ac1-b812-bbe276bd1f7a/steps/a831426b-8e0d-4701-a08e-a5e8d86a563f"}], "show_progress_indicator": true, "maintenance_mode": false, "active": true, "is_deleted": false, "submission_confirmation_template": "", "can_submit": true, "submissions_removal_options": {"successful_submissions_removal_limit": null, "successful_submissions_removal_method": "", "incomplete_submissions_removal_limit": null, "incomplete_submissions_removal_method": "", "errored_submissions_removal_limit": null, "errored_submissions_removal_method": "", "all_submissions_removal_limit": null}}]