[{"uuid": "bf8b6eb1-3bb3-4f71-8ad6-5e59b25dc691", "name": "Rijbewijs aanvraag demo", "internal_name": "", "login_required": false, "registration_backend": "", "registration_backend_options": {}, "authentication_backends": [], "auto_login_authentication_backend": "", "payment_required": false, "payment_backend": "", "payment_backend_options": {}, "literals": {"previous_text": {"resolved": "Previous page", "value": ""}, "begin_text": {"resolved": "Begin form", "value": ""}, "change_text": {"resolved": "Change", "value": ""}, "confirm_text": {"resolved": "Confirm", "value": ""}}, "product": null, "slug": "rijbewijs-aanvraag-demo", "url": "http://testserver/api/v1/forms/bf8b6eb1-3bb3-4f71-8ad6-5e59b25dc691", "steps": [{"uuid": "dfece997-2322-403d-867e-07bc1e865a24", "slug": "persoonlijke-gegevens-1", "form_definition": "Persoonlijke gegevens", "index": 0, "literals": {"previous_text": {"resolved": "Previous page", "value": ""}, "save_text": {"resolved": "Save current information", "value": ""}, "next_text": {"resolved": "Next", "value": ""}}, "url": "http://testserver/api/v1/forms/bf8b6eb1-3bb3-4f71-8ad6-5e59b25dc691/steps/dfece997-2322-403d-867e-07bc1e865a24"}], "show_progress_indicator": true, "maintenance_mode": false, "active": true, "is_deleted": false, "submission_confirmation_template": "", "explanation_template": "", "submission_allowed": "yes", "submissions_removal_options": {"successful_submissions_removal_limit": null, "successful_submissions_removal_method": "", "incomplete_submissions_removal_limit": null, "incomplete_submissions_removal_method": "", "errored_submissions_removal_limit": null, "errored_submissions_removal_method": "", "all_submissions_removal_limit": null}, "confirmation_email_template": {"subject": "", "content": ""}, "confirmation_email_option": "global_email", "display_main_website_link": true, "required_fields_with_asterisk": true}]