[{"uuid": "dfece997-2322-403d-867e-07bc1e865a24", "index": 0, "slug": "persoonlijke-gegevens-1", "configuration": {"display": "form", "components": [{"id": "ec4kbks", "key": "name", "mask": false, "type": "textfield", "input": true, "label": "Naam", "hidden": false, "prefix": "", "suffix": "", "unique": false, "widget": {"type": "input"}, "dbIndex": false, "overlay": {"top": "", "left": "", "style": "", "width": "", "height": ""}, "prefill": {"plugin": "", "attribute": ""}, "tooltip": "", "disabled": false, "multiple": false, "redrawOn": "", "tabindex": "", "validate": {"custom": "", "unique": false, "pattern": "", "plugins": [], "multiple": false, "required": false, "maxLength": "", "minLength": "", "customPrivate": false, "strictDateValidation": false}, "autofocus": false, "encrypted": false, "hideLabel": false, "inputMask": "", "inputType": "text", "modalEdit": false, "protected": false, "refreshOn": "", "tableView": true, "attributes": {}, "deriveCity": false, "errorLabel": "", "persistent": true, "properties": {}, "spellcheck": true, "validateOn": "change", "clearOnHide": true, "conditional": {"eq": "", "show": null, "when": null}, "customClass": "", "description": "", "inputFormat": "plain", "placeholder": "", "showInEmail": false, "defaultValue": null, "registration": {"attribute": ""}, "dataGridLabel": false, "labelPosition": "top", "showCharCount": false, "showWordCount": false, "calculateValue": "", "derivePostcode": "", "calculateServer": false, "isSensitiveData": false, "deriveStreetName": false, "deriveHouseNumber": "", "allowMultipleMasks": false, "customDefaultValue": "", "appointmentsLastName": false, "allowCalculateOverride": false}, {"id": "e46gsy8", "key": "achternaam", "mask": false, "type": "textfield", "input": true, "label": "Achternaam", "hidden": false, "prefix": "", "suffix": "", "unique": false, "widget": {"type": "input"}, "dbIndex": false, "overlay": {"top": "", "left": "", "style": "", "width": "", "height": ""}, "prefill": {"plugin": "", "attribute": ""}, "tooltip": "", "disabled": false, "multiple": false, "redrawOn": "", "tabindex": "", "validate": {"custom": "", "unique": false, "pattern": "", "plugins": [], "multiple": false, "required": false, "maxLength": "", "minLength": "", "customPrivate": false, "strictDateValidation": false}, "autofocus": false, "encrypted": false, "hideLabel": false, "inputMask": "", "inputType": "text", "modalEdit": false, "protected": false, "refreshOn": "", "tableView": true, "attributes": {}, "deriveCity": false, "errorLabel": "", "persistent": true, "properties": {}, "spellcheck": true, "validateOn": "change", "clearOnHide": true, "conditional": {"eq": "", "show": null, "when": null}, "customClass": "", "description": "", "inputFormat": "plain", "placeholder": "", "showInEmail": false, "defaultValue": null, "registration": {"attribute": ""}, "dataGridLabel": false, "labelPosition": "top", "showCharCount": false, "showWordCount": false, "calculateValue": "", "derivePostcode": "", "calculateServer": false, "isSensitiveData": false, "deriveStreetName": false, "deriveHouseNumber": "", "allowMultipleMasks": false, "customDefaultValue": "", "appointmentsLastName": false, "allowCalculateOverride": false}, {"id": "e1gdzoh", "key": "geboorteDatum", "type": "date", "input": true, "label": "Geboorte datum", "format": "dd-MM-yyyy", "hidden": false, "prefix": "", "suffix": "", "unique": false, "widget": {"mode": "single", "type": "calendar", "format": "dd-MM-yyyy", "locale": "en", "maxDate": null, "minDate": null, "time24hr": false, "allowInput": true, "enableTime": false, "noCalendar": false, "hourIncrement": 1, "minuteIncrement": 1, "displayInTimezone": "viewer", "useLocaleSettings": false}, "dbIndex": false, "overlay": {"top": "", "left": "", "style": "", "width": "", "height": ""}, "tooltip": "", "disabled": false, "multiple": false, "redrawOn": "", "tabindex": "", "timezone": "", "validate": {"custom": "", "unique": false, "plugins": [], "multiple": false, "required": true, "customPrivate": false, "strictDateValidation": false}, "autofocus": false, "encrypted": false, "hideLabel": false, "modalEdit": false, "protected": false, "refreshOn": "", "tableView": false, "allowInput": true, "attributes": {}, "datePicker": {"maxDate": null, "maxMode": "year", "minDate": null, "minMode": "day", "initDate": "", "yearRows": 4, "showWeeks": true, "startingDay": 0, "yearColumns": 5}, "enableDate": true, "enableTime": false, "errorLabel": "", "persistent": true, "properties": {}, "timePicker": {"hourStep": 1, "arrowkeys": true, "minuteStep": 1, "mousewheel": true, "showMeridian": true, "readonlyInput": false}, "validateOn": "change", "clearOnHide": true, "conditional": {"eq": "", "show": null, "when": null}, "customClass": "", "defaultDate": "", "description": "", "placeholder": "dd-mm-yyyy", "showInEmail": false, "defaultValue": "", "registration": {"attribute": ""}, "customOptions": {}, "dataGridLabel": false, "labelPosition": "top", "showCharCount": false, "showWordCount": false, "calculateValue": "", "datepickerMode": "day", "calculateServer": false, "isSensitiveData": false, "shortcutButtons": [], "displayInTimezone": "viewer", "useLocaleSettings": false, "allowMultipleMasks": false, "customDefaultValue": "", "appointmentsBirthDate": false, "allowCalculateOverride": false}, {"id": "egrvzp6", "key": "warning", "html": "<p>Om een rijbewijs te kunnen aanvragen moet u ouder dan 18 jaar zijn.</p>", "tags": [], "type": "content", "input": false, "label": "Warning", "logic": [], "hidden": true, "prefix": "", "suffix": "", "unique": false, "widget": null, "dbIndex": false, "overlay": {"top": "", "left": "", "page": "", "style": "", "width": "", "height": ""}, "tooltip": "", "disabled": false, "multiple": false, "redrawOn": "", "tabindex": "", "validate": {"custom": "", "unique": false, "multiple": false, "required": false, "customPrivate": false, "strictDateValidation": false}, "autofocus": false, "encrypted": false, "hideLabel": false, "modalEdit": false, "protected": false, "refreshOn": "", "tableView": false, "attributes": {}, "errorLabel": "", "persistent": true, "properties": {}, "validateOn": "change", "clearOnHide": true, "conditional": {"eq": "", "json": "", "show": null, "when": null}, "customClass": "", "description": "", "placeholder": "", "defaultValue": null, "dataGridLabel": false, "labelPosition": "top", "showCharCount": false, "showWordCount": false, "calculateValue": "", "calculateServer": false, "refreshOnChange": false, "customConditional": "", "allowMultipleMasks": false, "customDefaultValue": "", "allowCalculateOverride": false}]}, "form_definition": "http://testserver/api/v1/form-definitions/634bf137-cb80-4228-a7fa-3b5c245045c7", "name": "Persoonlijke gegevens", "internal_name": "", "url": "http://testserver/api/v1/forms/bf8b6eb1-3bb3-4f71-8ad6-5e59b25dc691/steps/dfece997-2322-403d-867e-07bc1e865a24", "login_required": false, "is_reusable": false, "literals": {"previous_text": {"resolved": "Previous page", "value": ""}, "save_text": {"resolved": "Save current information", "value": ""}, "next_text": {"resolved": "Next", "value": ""}}}]