[{"uuid": "d2b03c3d-c5f6-4591-8e74-2cc00a668bb0", "name": "Adres demo", "login_required": false, "registration_backend": "", "registration_backend_options": {}, "authentication_backends": [], "payment_required": false, "payment_backend": "", "literals": {"previous_text": {"resolved": "Terug", "value": ""}, "begin_text": {"resolved": "Start", "value": ""}, "change_text": {"resolved": "Wijzigen", "value": ""}, "confirm_text": {"resolved": "Bevestigen", "value": ""}}, "product": null, "slug": "adres-demo", "url": "http://localhost/api/v1/forms/d2b03c3d-c5f6-4591-8e74-2cc00a668bb0", "steps": [{"uuid": "78e01558-bcb0-46f6-9d0e-7b225c69adb8", "slug": "adresgegevens", "form_definition": "Adresgegevens", "index": 0, "literals": {"previous_text": {"resolved": "Vorige stap", "value": ""}, "save_text": {"resolved": "Pauzeren", "value": ""}, "next_text": {"resolved": "Volgende", "value": ""}}, "url": "http://localhost/api/v1/forms/d2b03c3d-c5f6-4591-8e74-2cc00a668bb0/steps/78e01558-bcb0-46f6-9d0e-7b225c69adb8"}], "show_progress_indicator": true, "maintenance_mode": false, "active": true, "is_deleted": false, "submission_confirmation_template": "", "can_submit": true}]