[{"uuid": "d3fc92c8-234d-4d55-8f9c-937b9f800d03", "name": "Rijbewijs aanvraag demo", "internal_name": "", "login_required": false, "translation_enabled": false, "registration_backend": "", "registration_backend_options": {}, "authentication_backends": [], "auto_login_authentication_backend": "", "payment_required": false, "payment_backend": "", "payment_backend_options": {}, "literals": {"previous_text": {"resolved": "Vorige stap", "value": ""}, "begin_text": {"resolved": "Formulier starten", "value": ""}, "change_text": {"resolved": "Wijzigen", "value": ""}, "confirm_text": {"resolved": "Bevestigen", "value": ""}}, "product": null, "slug": "rijbewijs-aanvraag-demo", "url": "http://localhost/api/v2/forms/d3fc92c8-234d-4d55-8f9c-937b9f800d03", "category": null, "steps": [{"uuid": "b8e68a24-a56c-4c17-a163-9f3fae010798", "slug": "persoonlijke-gegevens-voorbeeld", "form_definition": "Persoonlijke gegevens", "index": 0, "literals": {"previous_text": {"resolved": "Terug", "value": ""}, "save_text": {"resolved": "Pauzeren", "value": ""}, "next_text": {"resolved": "Volgende", "value": ""}}, "url": "http://localhost/api/v2/forms/d3fc92c8-234d-4d55-8f9c-937b9f800d03/steps/b8e68a24-a56c-4c17-a163-9f3fae010798"}], "show_progress_indicator": true, "maintenance_mode": false, "active": true, "is_deleted": false, "submission_confirmation_template": "", "explanation_template": "<p>Dit is een voorbeeld formulier waar logica op een datum een veld zichtbaar maakt en de volgende stap onbeschikbaar maakt.</p>", "submission_allowed": "yes", "submissions_removal_options": {"successful_submissions_removal_limit": null, "successful_submissions_removal_method": "", "incomplete_submissions_removal_limit": null, "incomplete_submissions_removal_method": "", "errored_submissions_removal_limit": null, "errored_submissions_removal_method": "", "all_submissions_removal_limit": null}, "confirmation_email_template": {"subject": "", "content": ""}, "confirmation_email_option": "global_email", "display_main_website_link": true, "required_fields_with_asterisk": true}]