[{"uuid": "165331b5-4f0b-40f6-8fc9-1d23280c76e8", "url": "http://localhost/api/v2/forms/165331b5-4f0b-40f6-8fc9-1d23280c76e8/logic-rules", "form": "http://localhost/api/v2/forms/d3fc92c8-234d-4d55-8f9c-937b9f800d03", "json_logic_trigger": {">": [{"date": {"var": "geboorteDatum"}}, {"-": [{"today": []}, {"rdelta": [18, 0, 0]}]}]}, "order": 0, "trigger_from_step": null, "actions": [{"component": "content", "form_step": null, "action": {"type": "property", "property": {"value": "hidden", "type": "bool"}, "state": false}}, {"component": "", "form_step": null, "action": {"type": "disable-next"}}], "is_advanced": false}]