[{"uuid": "b8e68a24-a56c-4c17-a163-9f3fae010798", "index": 0, "slug": "persoonlijke-gegevens-voorbeeld", "configuration": {"display": "form", "components": [{"id": "euwlmsw", "key": "naam", "mask": false, "type": "textfield", "input": true, "label": "Naam", "hidden": false, "prefix": "", "suffix": "", "unique": false, "widget": {"type": "input"}, "dbIndex": false, "overlay": {"top": "", "left": "", "style": "", "width": "", "height": ""}, "prefill": {"plugin": "", "attribute": ""}, "tooltip": "", "disabled": false, "multiple": false, "redrawOn": "", "tabindex": "", "validate": {"custom": "", "unique": false, "pattern": "", "plugins": [], "multiple": false, "required": false, "maxLength": "", "minLength": "", "customPrivate": false, "strictDateValidation": false}, "autofocus": false, "encrypted": false, "hideLabel": false, "inputMask": "", "inputType": "text", "modalEdit": false, "protected": false, "refreshOn": "", "showInPDF": true, "tableView": true, "attributes": {}, "deriveCity": false, "errorLabel": "", "persistent": true, "properties": {}, "spellcheck": true, "validateOn": "change", "clearOnHide": true, "conditional": {"eq": "", "show": null, "when": null}, "customClass": "", "description": "", "inputFormat": "plain", "placeholder": "", "showInEmail": false, "defaultValue": "", "registration": {"attribute": ""}, "dataGridLabel": false, "labelPosition": "top", "showCharCount": false, "showInSummary": true, "showWordCount": false, "calculateValue": "", "derivePostcode": "", "calculateServer": false, "isSensitiveData": false, "deriveStreetName": false, "deriveHouseNumber": "", "allowMultipleMasks": false, "customDefaultValue": "", "allowCalculateOverride": false}, {"id": "e8cejaa", "key": "achternaam", "mask": false, "type": "textfield", "input": true, "label": "Achternaam", "hidden": false, "prefix": "", "suffix": "", "unique": false, "widget": {"type": "input"}, "dbIndex": false, "overlay": {"top": "", "left": "", "style": "", "width": "", "height": ""}, "prefill": {"plugin": "", "attribute": ""}, "tooltip": "", "disabled": false, "multiple": false, "redrawOn": "", "tabindex": "", "validate": {"custom": "", "unique": false, "pattern": "", "plugins": [], "multiple": false, "required": false, "maxLength": "", "minLength": "", "customPrivate": false, "strictDateValidation": false}, "autofocus": false, "encrypted": false, "hideLabel": false, "inputMask": "", "inputType": "text", "modalEdit": false, "protected": false, "refreshOn": "", "showInPDF": true, "tableView": true, "attributes": {}, "deriveCity": false, "errorLabel": "", "persistent": true, "properties": {}, "spellcheck": true, "validateOn": "change", "clearOnHide": true, "conditional": {"eq": "", "show": null, "when": null}, "customClass": "", "description": "", "inputFormat": "plain", "placeholder": "", "showInEmail": false, "defaultValue": "", "registration": {"attribute": ""}, "dataGridLabel": false, "labelPosition": "top", "showCharCount": false, "showInSummary": true, "showWordCount": false, "calculateValue": "", "derivePostcode": "", "calculateServer": false, "isSensitiveData": false, "deriveStreetName": false, "deriveHouseNumber": "", "allowMultipleMasks": false, "customDefaultValue": "", "allowCalculateOverride": false}, {"id": "e5h0ofo", "key": "geboorteDatum", "type": "date", "input": true, "label": "Geboorte datum", "format": "dd-MM-yyyy", "hidden": false, "prefix": "", "suffix": "", "unique": false, "widget": {"mode": "single", "type": "calendar", "format": "dd-MM-yyyy", "locale": "nl", "maxDate": null, "minDate": null, "readOnly": false, "timezone": "", "time_24hr": false, "allowInput": true, "enableTime": false, "noCalendar": false, "disabledDates": null, "hourIncrement": 1, "disableFunction": null, "disableWeekdays": null, "disableWeekends": null, "minuteIncrement": 1, "displayInTimezone": "viewer", "useLocaleSettings": false, "submissionTimezone": null}, "dbIndex": false, "overlay": {"top": "", "left": "", "style": "", "width": "", "height": ""}, "prefill": {"plugin": "", "attribute": ""}, "tooltip": "", "disabled": false, "multiple": false, "redrawOn": "", "tabindex": "", "timezone": "", "validate": {"custom": "", "unique": false, "plugins": [], "multiple": false, "required": true, "customPrivate": false, "strictDateValidation": false}, "autofocus": false, "encrypted": false, "hideLabel": false, "modalEdit": false, "openForms": {"maxDate": {"mode": "fixedValue", "delta": {"days": null, "years": null, "months": null}, "operator": "add", "variable": "now", "includeToday": null}, "minDate": {"mode": "fixedValue", "delta": {"days": null, "years": null, "months": null}, "operator": "add", "variable": "now", "includeToday": null}}, "protected": false, "refreshOn": "", "showInPDF": true, "tableView": false, "allowInput": true, "attributes": {}, "datePicker": {"maxDate": null, "maxMode": "year", "minDate": null, "minMode": "day", "initDate": "", "yearRows": 4, "showWeeks": true, "startingDay": 0, "yearColumns": 5}, "enableDate": true, "enableTime": false, "errorLabel": "", "persistent": true, "properties": {}, "timePicker": {"hourStep": 1, "arrowkeys": true, "minuteStep": 1, "mousewheel": true, "showMeridian": true, "readonlyInput": false}, "validateOn": "change", "clearOnHide": true, "conditional": {"eq": "", "show": null, "when": null}, "customClass": "", "defaultDate": "", "description": "", "placeholder": "dd-mm-yyyy", "showInEmail": false, "defaultValue": "", "registration": {"attribute": ""}, "customOptions": {}, "dataGridLabel": false, "labelPosition": "top", "showCharCount": false, "showInSummary": true, "showWordCount": false, "calculateValue": "", "datepickerMode": "day", "calculateServer": false, "isSensitiveData": true, "displayInTimezone": "viewer", "useLocaleSettings": false, "allowMultipleMasks": false, "customDefaultValue": "", "allowCalculateOverride": false}, {"id": "e3sn6y", "key": "content", "html": "<p>Om een rijbewijs te kunnen aanvragen moet u ouder dan 18 jaar zijn.</p>", "type": "content", "input": false, "label": "Content", "hidden": true, "prefix": "", "suffix": "", "unique": false, "widget": null, "dbIndex": false, "overlay": {"top": "", "left": "", "style": "", "width": "", "height": ""}, "tooltip": "", "disabled": false, "multiple": false, "redrawOn": "", "tabindex": "", "validate": {"custom": "", "unique": false, "multiple": false, "required": false, "customPrivate": false, "strictDateValidation": false}, "autofocus": false, "encrypted": false, "hideLabel": false, "modalEdit": false, "protected": false, "refreshOn": "", "showInPDF": false, "tableView": false, "attributes": {}, "errorLabel": "", "persistent": true, "properties": {}, "validateOn": "change", "clearOnHide": true, "conditional": {"eq": "", "show": "", "when": ""}, "customClass": "warning", "description": "", "placeholder": "", "showInEmail": false, "defaultValue": null, "dataGridLabel": false, "labelPosition": "top", "showCharCount": false, "showWordCount": false, "calculateValue": "", "calculateServer": false, "allowMultipleMasks": false, "customDefaultValue": "", "allowCalculateOverride": false}]}, "form_definition": "http://localhost/api/v2/form-definitions/3ced6ce6-fd87-4a5b-b42c-0e272ad05121", "name": "Persoonlijke gegevens", "internal_name": "", "url": "http://localhost/api/v2/forms/d3fc92c8-234d-4d55-8f9c-937b9f800d03/steps/b8e68a24-a56c-4c17-a163-9f3fae010798", "login_required": false, "is_reusable": false, "literals": {"previous_text": {"resolved": "Terug", "value": ""}, "save_text": {"resolved": "Pauzeren", "value": ""}, "next_text": {"resolved": "Volgende", "value": ""}}}]