[{"uuid": "3f920ad8-5b90-4d87-a157-f8586d5a903a", "form": "http://localhost/api/v1/forms/c1737064-a8ef-49ed-95f6-fe2c9b1c357b", "json_logic_trigger": {"!=": [{"var": "bedrijfsnaam"}, ""]}, "actions": [{"component": "uwBedrijfsgegevens", "form_step": null, "action": {"type": "property", "property": {"value": "hidden", "type": "bool"}, "state": false}}, {"component": "uwPersoonlijkeGegevens", "form_step": null, "action": {"type": "property", "property": {"value": "hidden", "type": "bool"}, "state": true}}]}, {"uuid": "dff4baf7-e414-4769-8f20-5712d13ea42d", "form": "http://localhost/api/v1/forms/c1737064-a8ef-49ed-95f6-fe2c9b1c357b", "json_logic_trigger": {"!=": [{"var": "voornaam"}, ""]}, "actions": [{"component": "uwPersoonlijkeGegevens", "form_step": null, "action": {"type": "property", "property": {"value": "hidden", "type": "bool"}, "state": false}}, {"component": "uwBedrijfsgegevens", "form_step": null, "action": {"type": "property", "property": {"value": "hidden", "type": "bool"}, "state": true}}]}]