[{"uuid": "4d12233f-cf17-4c2e-8e93-d52b5d5593e1", "url": "http://testserver/api/v1/logic-rules/4d12233f-cf17-4c2e-8e93-d52b5d5593e1", "form": "http://testserver/api/v1/forms/5fbd19ca-7f86-4e3e-bba3-43a7da919802", "json_logic_trigger": {"!=": [{"var": "bedrijfsnaam"}, ""]}, "actions": [{"component": "uwBedrijfsgegevens", "form_step": null, "action": {"type": "property", "property": {"value": "hidden", "type": "bool"}, "state": false}}, {"component": "uwPersoonlijkeGegevens", "form_step": null, "action": {"type": "property", "property": {"value": "hidden", "type": "bool"}, "state": true}}], "is_advanced": false}, {"uuid": "c05f836c-5bdf-48ef-9cce-66a9bb331830", "url": "http://testserver/api/v1/logic-rules/c05f836c-5bdf-48ef-9cce-66a9bb331830", "form": "http://testserver/api/v1/forms/5fbd19ca-7f86-4e3e-bba3-43a7da919802", "json_logic_trigger": {"!=": [{"var": "voornaam"}, ""]}, "actions": [{"component": "uwPersoonlijkeGegevens", "form_step": null, "action": {"type": "property", "property": {"value": "hidden", "type": "bool"}, "state": false}}, {"component": "uwBedrijfsgegevens", "form_step": null, "action": {"type": "property", "property": {"value": "hidden", "type": "bool"}, "state": true}}], "is_advanced": false}]