[{"uuid": "5fbd19ca-7f86-4e3e-bba3-43a7da919802", "name": "Velden op basis van inlogmethode", "internal_name": "Velden op basis van inlogmethode (documentatie)", "login_required": true, "registration_backend": "", "registration_backend_options": {}, "authentication_backends": ["demo", "demo-kvk"], "auto_login_authentication_backend": "", "payment_required": false, "payment_backend": "", "payment_backend_options": {}, "literals": {"previous_text": {"resolved": "Previous page", "value": ""}, "begin_text": {"resolved": "Begin form", "value": ""}, "change_text": {"resolved": "Change", "value": ""}, "confirm_text": {"resolved": "Confirm", "value": ""}}, "product": null, "slug": "velden-op-basis-van-inlogmethode", "url": "http://testserver/api/v1/forms/5fbd19ca-7f86-4e3e-bba3-43a7da919802", "steps": [{"uuid": "10d990f9-5ce8-4099-a276-8d86d25fc95e", "slug": "uw-gegevens", "form_definition": "Uw gegevens", "index": 0, "literals": {"previous_text": {"resolved": "Previous page", "value": ""}, "save_text": {"resolved": "Save current information", "value": ""}, "next_text": {"resolved": "Next", "value": ""}}, "url": "http://testserver/api/v1/forms/5fbd19ca-7f86-4e3e-bba3-43a7da919802/steps/10d990f9-5ce8-4099-a276-8d86d25fc95e"}], "show_progress_indicator": true, "maintenance_mode": false, "active": false, "is_deleted": false, "submission_confirmation_template": "", "explanation_template": "", "submission_allowed": "yes", "submissions_removal_options": {"successful_submissions_removal_limit": null, "successful_submissions_removal_method": "", "incomplete_submissions_removal_limit": null, "incomplete_submissions_removal_method": "", "errored_submissions_removal_limit": null, "errored_submissions_removal_method": "", "all_submissions_removal_limit": null}, "confirmation_email_template": {"subject": "", "content": ""}, "confirmation_email_option": "global_email", "display_main_website_link": true, "required_fields_with_asterisk": true}]