[{"uuid": "e847aa57-a0f2-4ff8-b5dc-80ba70649dc5", "index": 0, "slug": "uw-gegevens", "configuration": {"display": "form", "components": [{"id": "e2xsaw", "key": "uwPersoonlijkeGegevens", "tree": false, "type": "fieldset", "input": false, "label": "Uw persoonlijke gegevens", "hidden": false, "legend": "Uw persoonlijke gegevens", "prefix": "", "suffix": "", "unique": false, "widget": null, "dbIndex": false, "overlay": {"top": "", "left": "", "style": "", "width": "", "height": ""}, "tooltip": "", "disabled": false, "multiple": false, "redrawOn": "", "tabindex": "", "validate": {"custom": "", "unique": false, "multiple": false, "required": false, "customPrivate": false, "strictDateValidation": false}, "autofocus": false, "encrypted": false, "hideLabel": false, "modalEdit": false, "protected": false, "refreshOn": "", "tableView": false, "attributes": {}, "components": [{"id": "e6wq87q", "key": "voornaam", "mask": false, "type": "textfield", "input": true, "label": "Voornaam", "hidden": false, "prefix": "", "suffix": "", "unique": false, "widget": {"type": "input"}, "dbIndex": false, "overlay": {"top": "", "left": "", "style": "", "width": "", "height": ""}, "prefill": {"plugin": "haalcentraal", "attribute": "_embedded.naam.voornamen"}, "tooltip": "", "disabled": false, "multiple": false, "redrawOn": "", "tabindex": "", "validate": {"custom": "", "unique": false, "pattern": "", "multiple": false, "required": false, "maxLength": "", "minLength": "", "customPrivate": false, "strictDateValidation": false}, "autofocus": false, "encrypted": false, "hideLabel": false, "inputMask": "", "inputType": "text", "modalEdit": false, "protected": false, "refreshOn": "", "tableView": true, "attributes": {}, "deriveCity": false, "errorLabel": "", "persistent": true, "properties": {}, "spellcheck": true, "validateOn": "change", "clearOnHide": true, "conditional": {"eq": "", "show": null, "when": null}, "customClass": "", "description": "", "inputFormat": "plain", "placeholder": "", "showInEmail": false, "defaultValue": null, "registration": {"attribute": ""}, "dataGridLabel": false, "labelPosition": "top", "showCharCount": false, "showWordCount": false, "calculateValue": "", "calculateServer": false, "isSensitiveData": false, "deriveStreetName": false, "allowMultipleMasks": false, "customDefaultValue": "", "allowCalculateOverride": false}, {"id": "e3m3cg", "key": "achternaam", "mask": false, "type": "textfield", "input": true, "label": "Achternaam", "hidden": false, "prefix": "", "suffix": "", "unique": false, "widget": {"type": "input"}, "dbIndex": false, "overlay": {"top": "", "left": "", "style": "", "width": "", "height": ""}, "prefill": {"plugin": "haalcentraal", "attribute": "_embedded.naam.geslachtsnaam"}, "tooltip": "", "disabled": false, "multiple": false, "redrawOn": "", "tabindex": "", "validate": {"custom": "", "unique": false, "pattern": "", "multiple": false, "required": false, "maxLength": "", "minLength": "", "customPrivate": false, "strictDateValidation": false}, "autofocus": false, "encrypted": false, "hideLabel": false, "inputMask": "", "inputType": "text", "modalEdit": false, "protected": false, "refreshOn": "", "tableView": true, "attributes": {}, "deriveCity": false, "errorLabel": "", "persistent": true, "properties": {}, "spellcheck": true, "validateOn": "change", "clearOnHide": true, "conditional": {"eq": "", "show": null, "when": null}, "customClass": "", "description": "", "inputFormat": "plain", "placeholder": "", "showInEmail": false, "defaultValue": null, "registration": {"attribute": ""}, "dataGridLabel": false, "labelPosition": "top", "showCharCount": false, "showWordCount": false, "calculateValue": "", "calculateServer": false, "isSensitiveData": false, "deriveStreetName": false, "allowMultipleMasks": false, "customDefaultValue": "", "allowCalculateOverride": false}], "errorLabel": "", "persistent": false, "properties": {}, "validateOn": "change", "clearOnHide": true, "conditional": {"eq": "", "show": null, "when": null}, "customClass": "", "description": "", "placeholder": "", "defaultValue": null, "dataGridLabel": false, "labelPosition": "top", "showCharCount": false, "showWordCount": false, "calculateValue": "", "calculateServer": false, "allowMultipleMasks": false, "customDefaultValue": "", "allowCalculateOverride": false}, {"id": "e03bv4", "key": "uwBedrijfsgegevens", "tree": false, "type": "fieldset", "input": false, "label": "Uw bedrijfsgegevens", "hidden": false, "legend": "Uw bedrijfsgegevens", "prefix": "", "suffix": "", "unique": false, "widget": null, "dbIndex": false, "overlay": {"top": "", "left": "", "style": "", "width": "", "height": ""}, "tooltip": "", "disabled": false, "multiple": false, "redrawOn": "", "tabindex": "", "validate": {"custom": "", "unique": false, "multiple": false, "required": false, "customPrivate": false, "strictDateValidation": false}, "autofocus": false, "encrypted": false, "hideLabel": false, "modalEdit": false, "protected": false, "refreshOn": "", "tableView": false, "attributes": {}, "components": [{"id": "etpmzf8", "key": "bedrijfsnaam", "mask": false, "type": "textfield", "input": true, "label": "Bedrijfsnaam", "hidden": false, "prefix": "", "suffix": "", "unique": false, "widget": {"type": "input"}, "dbIndex": false, "overlay": {"top": "", "left": "", "style": "", "width": "", "height": ""}, "prefill": {"plugin": "kvk-kvknumber", "attribute": "handelsnaam"}, "tooltip": "", "disabled": false, "multiple": false, "redrawOn": "", "tabindex": "", "validate": {"custom": "", "unique": false, "pattern": "", "multiple": false, "required": false, "maxLength": "", "minLength": "", "customPrivate": false, "strictDateValidation": false}, "autofocus": false, "encrypted": false, "hideLabel": false, "inputMask": "", "inputType": "text", "modalEdit": false, "protected": false, "refreshOn": "", "tableView": true, "attributes": {}, "deriveCity": false, "errorLabel": "", "persistent": true, "properties": {}, "spellcheck": true, "validateOn": "change", "clearOnHide": true, "conditional": {"eq": "", "show": null, "when": null}, "customClass": "", "description": "", "inputFormat": "plain", "placeholder": "", "showInEmail": false, "defaultValue": null, "registration": {"attribute": ""}, "dataGridLabel": false, "labelPosition": "top", "showCharCount": false, "showWordCount": false, "calculateValue": "", "calculateServer": false, "isSensitiveData": false, "deriveStreetName": false, "allowMultipleMasks": false, "customDefaultValue": "", "allowCalculateOverride": false}], "errorLabel": "", "persistent": false, "properties": {}, "validateOn": "change", "clearOnHide": true, "conditional": {"eq": "", "show": null, "when": null}, "customClass": "", "description": "", "placeholder": "", "defaultValue": null, "dataGridLabel": false, "labelPosition": "top", "showCharCount": false, "showWordCount": false, "calculateValue": "", "calculateServer": false, "allowMultipleMasks": false, "customDefaultValue": "", "allowCalculateOverride": false}]}, "form_definition": "http://localhost/api/v1/form-definitions/842c5690-64c0-43af-8c8f-ad9103a3006e", "name": "Uw gegevens", "internal_name": "", "url": "http://localhost/api/v1/forms/c1737064-a8ef-49ed-95f6-fe2c9b1c357b/steps/e847aa57-a0f2-4ff8-b5dc-80ba70649dc5", "login_required": true, "is_reusable": false, "literals": {"previous_text": {"resolved": "Vorige stap", "value": ""}, "save_text": {"resolved": "Pauzeren", "value": ""}, "next_text": {"resolved": "Volgende", "value": ""}}}]