[{"uuid": "c1737064-a8ef-49ed-95f6-fe2c9b1c357b", "name": "Velden op basis van inlogmethode", "internal_name": "Velden op basis van inlogmethode (documentatie)", "login_required": true, "registration_backend": "", "registration_backend_options": {}, "authentication_backends": ["demo", "demo-kvk"], "payment_required": false, "payment_backend": "", "payment_backend_options": {}, "literals": {"previous_text": {"resolved": "Terug", "value": ""}, "begin_text": {"resolved": "Start", "value": ""}, "change_text": {"resolved": "Wijzigen", "value": ""}, "confirm_text": {"resolved": "Bevestigen", "value": ""}}, "product": null, "slug": "velden-op-basis-van-inlogmethode", "url": "http://localhost/api/v1/forms/c1737064-a8ef-49ed-95f6-fe2c9b1c357b", "steps": [{"uuid": "e847aa57-a0f2-4ff8-b5dc-80ba70649dc5", "slug": "uw-gegevens", "form_definition": "Uw gegevens", "index": 0, "literals": {"previous_text": {"resolved": "Vorige stap", "value": ""}, "save_text": {"resolved": "Pauzeren", "value": ""}, "next_text": {"resolved": "Volgende", "value": ""}}, "url": "http://localhost/api/v1/forms/c1737064-a8ef-49ed-95f6-fe2c9b1c357b/steps/e847aa57-a0f2-4ff8-b5dc-80ba70649dc5"}], "show_progress_indicator": true, "maintenance_mode": false, "active": true, "is_deleted": false, "submission_confirmation_template": "", "can_submit": true, "submissions_removal_options": {"successful_submissions_removal_limit": null, "successful_submissions_removal_method": "", "incomplete_submissions_removal_limit": null, "incomplete_submissions_removal_method": "", "errored_submissions_removal_limit": null, "errored_submissions_removal_method": "", "all_submissions_removal_limit": null}, "confirmation_email_option": "global_email"}]