[{"url": "http://testserver/api/v2/form-definitions/73557ca1-62df-477d-ae0a-7f4661551ec7", "uuid": "73557ca1-62df-477d-ae0a-7f4661551ec7", "name": "Variabele selectievakjesopties", "internal_name": "", "slug": "variabele-selectievakjesopties", "configuration": {"display": "form", "components": [{"id": "e4vjnr", "key": "toonOptie3", "name": "", "type": "checkbox", "input": true, "label": "Toon optie 3", "value": "", "hidden": false, "prefix": "", "suffix": "", "unique": false, "widget": null, "dbIndex": false, "overlay": {"top": "", "left": "", "style": "", "width": "", "height": ""}, "tooltip": "", "disabled": false, "multiple": false, "redrawOn": "", "tabindex": "", "validate": {"custom": "", "unique": false, "plugins": [], "multiple": false, "required": false, "customPrivate": false, "strictDateValidation": false}, "autofocus": false, "encrypted": false, "hideLabel": false, "inputType": "checkbox", "modalEdit": false, "openForms": {}, "protected": false, "refreshOn": "", "showInPDF": true, "tableView": false, "attributes": {}, "errorLabel": "", "persistent": true, "properties": {}, "validateOn": "change", "clearOnHide": true, "conditional": {"eq": "", "show": null, "when": null}, "customClass": "", "description": "Indien aangevinkt, dan is een extra optie beschikbaar in de selectievakjes hieronder.", "placeholder": "", "showInEmail": false, "defaultValue": false, "registration": {"attribute": ""}, "dataGridLabel": true, "labelPosition": "right", "showCharCount": false, "showInSummary": true, "showWordCount": false, "calculateValue": "", "calculateServer": false, "isSensitiveData": false, "translatedErrors": {"en": {"required": ""}, "nl": {"required": ""}}, "allowMultipleMasks": false, "customDefaultValue": "", "allowCalculateOverride": false}, {"id": "e0c8be", "key": "variabeleOptiesSelectievakjes", "type": "selectboxes", "input": true, "label": "Variabele opties selectievakjes", "hidden": false, "inline": false, "prefix": "", "suffix": "", "unique": false, "values": [{"label": "", "value": ""}], "widget": null, "dbIndex": false, "overlay": {"top": "", "left": "", "style": "", "width": "", "height": ""}, "tooltip": "", "disabled": false, "fieldSet": false, "multiple": false, "redrawOn": "", "tabindex": "", "validate": {"custom": "", "unique": false, "plugins": [], "multiple": false, "required": false, "customPrivate": false, "onlyAvailableItems": false, "strictDateValidation": false}, "autofocus": false, "encrypted": false, "hideLabel": false, "inputType": "checkbox", "modalEdit": false, "openForms": {"dataSrc": "variable", "itemsExpression": {"var": "checkboxOptions"}}, "protected": false, "refreshOn": "", "showInPDF": true, "tableView": false, "attributes": {}, "errorLabel": "", "persistent": true, "properties": {}, "validateOn": "change", "clearOnHide": true, "conditional": {"eq": "", "show": null, "when": null}, "customClass": "", "description": "De beschikbare opties zijn afhankelijk van eerdere antwoorden.", "placeholder": "", "showInEmail": false, "defaultValue": null, "registration": {"attribute": ""}, "dataGridLabel": false, "labelPosition": "top", "showCharCount": false, "showInSummary": true, "showWordCount": false, "calculateValue": "", "calculateServer": false, "isSensitiveData": false, "translatedErrors": {"en": {"required": ""}, "nl": {"required": ""}}, "allowMultipleMasks": false, "customDefaultValue": "", "allowCalculateOverride": false}]}, "login_required": false, "is_reusable": false, "translations": {"nl": {"name": "Variabele selectievakjesopties"}, "en": {"name": ""}}, "component_translations": {"nl": {}, "en": {}}}]