[{"uuid": "ccb2bfc8-46a3-49ae-a4fd-b4a8bb5469a4", "name": "Dynamische keuzelijsten", "internal_name": "", "login_required": false, "translation_enabled": false, "registration_backends": [], "authentication_backends": [], "authentication_backend_options": {}, "auto_login_authentication_backend": "", "payment_required": false, "payment_backend": "", "payment_backend_options": {}, "appointment_options": {"is_appointment": false, "supports_multiple_products": null}, "literals": {"previous_text": {"resolved": "Previous page", "value": ""}, "begin_text": {"resolved": "Begin form", "value": ""}, "change_text": {"resolved": "Change", "value": ""}, "confirm_text": {"resolved": "Confirm", "value": ""}}, "product": null, "slug": "dynamische-keuzelijsten", "url": "http://testserver/api/v2/forms/ccb2bfc8-46a3-49ae-a4fd-b4a8bb5469a4", "category": null, "steps": [{"uuid": "6a9890e0-c706-461e-b4e1-b17bb4c42f43", "slug": "variabele-selectievakjesopties", "form_definition": "Variabele selectievakjesopties", "index": 0, "literals": {"previous_text": {"resolved": "Previous page", "value": ""}, "save_text": {"resolved": "Save current information", "value": ""}, "next_text": {"resolved": "Next", "value": ""}}, "url": "http://testserver/api/v2/forms/ccb2bfc8-46a3-49ae-a4fd-b4a8bb5469a4/steps/6a9890e0-c706-461e-b4e1-b17bb4c42f43"}], "show_progress_indicator": true, "maintenance_mode": false, "active": true, "activate_on": null, "deactivate_on": null, "is_deleted": false, "submission_confirmation_template": "", "explanation_template": "<p>Voorbeeldformulier voor GitHub issue <a href=\"https://github.com/open-formulieren/open-forms/issues/2629\" target=\"_blank\" rel=\"noopener\">#2629</a>.</p>", "submission_allowed": "yes", "suspension_allowed": true, "ask_privacy_consent": "global_setting", "ask_statement_of_truth": "global_setting", "submissions_removal_options": {"successful_submissions_removal_limit": null, "successful_submissions_removal_method": "", "incomplete_submissions_removal_limit": null, "incomplete_submissions_removal_method": "", "errored_submissions_removal_limit": null, "errored_submissions_removal_method": "", "all_submissions_removal_limit": null}, "confirmation_email_template": {"subject": "", "content": "", "translations": {"nl": {"subject": "", "content": ""}, "en": {"subject": "", "content": ""}}}, "send_confirmation_email": true, "display_main_website_link": true, "include_confirmation_page_content_in_pdf": true, "required_fields_with_asterisk": true, "translations": {"nl": {"name": "Dynamische keuzelijsten", "submission_confirmation_template": "", "begin_text": "", "previous_text": "", "change_text": "", "confirm_text": "", "explanation_template": "<p>Voorbeeldformulier voor GitHub issue <a href=\"https://github.com/open-formulieren/open-forms/issues/2629\" target=\"_blank\" rel=\"noopener\">#2629</a>.</p>"}, "en": {"name": "", "submission_confirmation_template": "", "begin_text": "", "previous_text": "", "change_text": "", "confirm_text": "", "explanation_template": ""}}, "resume_link_lifetime": 7, "hide_non_applicable_steps": false, "cosign_login_info": null, "submission_statements_configuration": [{"key": "privacyPolicyAccepted", "label": "<p>Ja, ik heb kennis genomen van het  en geef uitdrukkelijk toestemming voor het verwerken van de door mij opgegeven gegevens.</p>", "validate": {"required": true}, "type": "checkbox"}, {"key": "statementOfTruthAccepted", "label": "<p>Ik verklaar dat ik deze aanvraag naar waarheid heb ingevuld en geen informatie heb verzwegen.</p>", "validate": {"required": false}, "type": "checkbox"}], "submission_report_download_link_title": "Download PDF"}]