[{"uuid": "79c00759-e3d6-436b-bea2-5f53fb8ebb19", "url": "http://testserver/api/v2/forms/79c00759-e3d6-436b-bea2-5f53fb8ebb19/logic-rules", "form": "http://testserver/api/v2/forms/ccb2bfc8-46a3-49ae-a4fd-b4a8bb5469a4", "json_logic_trigger": {"==": [{"var": "toonOptie3"}, true]}, "description": "", "order": 0, "trigger_from_step": null, "actions": [{"component": "", "variable": "checkboxOptions", "form_step": "", "form_step_uuid": null, "action": {"type": "variable", "value": {"merge": [{"var": "checkboxOptions"}, [["option3", "Option 3"]]]}}}], "is_advanced": false}]