[{"uuid": "b2f5b0d3-26e9-45c9-8d4a-a17007756248", "name": "Demo - Advanced logic", "internal_name": "", "login_required": false, "translation_enabled": false, "registration_backend": "", "registration_backend_options": {}, "authentication_backends": [], "auto_login_authentication_backend": "", "payment_required": false, "payment_backend": "", "payment_backend_options": {}, "literals": {"previous_text": {"resolved": "Vorige stap", "value": ""}, "begin_text": {"resolved": "Formulier starten", "value": ""}, "change_text": {"resolved": "Wijzigen", "value": ""}, "confirm_text": {"resolved": "Bevestigen", "value": ""}}, "product": null, "slug": "demo-advanced-logic", "url": "http://localhost/api/v2/forms/b2f5b0d3-26e9-45c9-8d4a-a17007756248", "category": null, "steps": [{"uuid": "7f321aed-f09a-4b45-8407-52044bfb0f1f", "slug": "demo-advanced-logic", "form_definition": "Stap 1", "index": 0, "literals": {"previous_text": {"resolved": "Terug", "value": ""}, "save_text": {"resolved": "Pauzeren", "value": ""}, "next_text": {"resolved": "Volgende", "value": ""}}, "url": "http://localhost/api/v2/forms/b2f5b0d3-26e9-45c9-8d4a-a17007756248/steps/7f321aed-f09a-4b45-8407-52044bfb0f1f"}], "show_progress_indicator": true, "maintenance_mode": false, "active": true, "is_deleted": false, "submission_confirmation_template": "", "explanation_template": "<p>Please click the button below to start the form.</p>", "submission_allowed": "yes", "submissions_removal_options": {"successful_submissions_removal_limit": null, "successful_submissions_removal_method": "", "incomplete_submissions_removal_limit": null, "incomplete_submissions_removal_method": "", "errored_submissions_removal_limit": null, "errored_submissions_removal_method": "", "all_submissions_removal_limit": null}, "confirmation_email_template": {"subject": "", "content": ""}, "confirmation_email_option": "global_email", "display_main_website_link": true, "required_fields_with_asterisk": true}]